Crash Id,Calendar Year,FDOT Crash Number,Reporting Agency Case Number,Reporting Agency Type,FDOT Managing District,County Name,Crash Date,Crash Time,Day,DHSMV City,Crash Report City Code,In Town,On Roadway Name,Int Roadway Name,Reference Distance (Miles),Reference Direction,Officer Latitude,Officer Longitude,FDOT Latitude,FDOT Longitude,FDOT Roadway,Nearest Inventory MP,Nearest Node From Crash,State Road #,US Highway,Crash Side of Road,Accident Lane Number,Travel Direction Vehicle 1,FDOT Road Category,DHSMV Road System Id,Relation to Junction,Crash Harmful Event Location,Intersection Type,Shoulder Type,FDOT Roadway SKID Test Result,FDOT Roadway SKID Test Date,Functional Class,RCI Surface Width,RCI Shoulder Type First,RCI Shoulder Width First,RCI Shoulder Type Second,RCI Shoulder Width Second,RCI Shoulder Type Third,RCI Shoulder Width Third,RCI Median Width,Avg Daily Traffic,AADT Source,RCI Avg Per Truck Traffic,RCI Horiz Curve Condition,Posted Speed Limit,Highest Injury in Crash,CAR Status Code,Alcohols/Drug Involved,Site Location,Lighting,Weather,Road Surface,Roadway Grade,Roadway Alignment,Traffic Way Vehicle 1,Traffic Way Vehicle 2,Traffic Control Vehicle 1,Traffic Control Vehicle 2,Count of Lanes,Road Condition 1,Road Condition 2,Road Condition 3,Environment Condition 1,Environment Condition 2,Environment Condition 3,Crash Harmful Event,Manner of Collision,Vehicle Movement,Driver Action Vehicle 1,Driver Action Vehicle 2,Location Within Workzone,Type of Workzone,Workers Present in Workzone,Law Enforcement Present in Workzone,School Bus Related,Count of Nonfatal Injuries,Count of Traffic Fatalities,Count of Serious Injuries,Count of Pedestrians,Count of Drivers,Count of Bicyclists,Count of Vehicles,Count of Persons,Wrong Way,Workzone Inv,Commercial Vehicle Inv,Intersection Inv,Lane Departure,Speeding,Agressive Driving,Impaired Driver,Impaired Pedestrian,Impaired Bicyclist,Distracted Driver,Speeding or Aggressive Driving,Pedestrian Related,Bicyclist Related,Pedestrian or Bicyclist Related,Motorcycle Inv,No Belt,No Belt - Ages 1-4,No Belt - Ages 5-12,No Belt - Ages 13-17,Driver - Ages Teen,Driver - Ages 65 plus,Driver - Ages 65-69,Driver - Ages 70-74,Driver - Ages 75-79,Driver - Ages 80 plus,ARBM Latitude,ARBM Longitude,UTM Zone 17N X,UTM Zone 17N Y,ARBM Side of Road,Urban Rural Indicator,GIS Street Source,Extract Date,OBJECTID,x,y
2017854461410,2017,854461410,FHPK17OFF063761,FLORIDA HIGHWAY PATROL,08 TURNPIKE,PALM BEACH,"September 1, 2017",2013,SATURDAY,9394 WEST PALM BEACH,0694,N,SR 91,MM 98,0.5,S,26.6911207,-80.1572217,26.6792321,-80.16637,93470000,24.315,01491,SR 91,,L LEFT,S SIDE OF ROAD,S SOUTH,03 TOLL ROAD URBAN,06 TURNPIKE/TOLL,01 NON-JUNCTION,02 OFF ROADWAY,01 NOT AT INTERSECTION,01 PAVED,37,"June 14, 2016",12 URBAN PRIN ART EXPR.,36,PAVED WARN,21,VALLEY GUTR,3.5,,0,20,77000,RCI,10.6,,70,3 NO-INCAPACITATING INJURY,31 Q/C COMPLETED - LOC VERIFIED,0 NO,01 NOT AT INTERSECTION/RRX/BRIDGE,02 DUSK,02 CLOUDY,01 DRY,01 LEVEL,1 STRAIGHT,"TWO-WAY, DIVIDED, POSITIVE MED",,NO CONTROLS,NOT CODED,5,NONE,NOT CODED,NOT CODED,NONE,NOT CODED,NOT CODED,27 GUARDRAIL FACE,77 OTHER (SEE NARRATIVE),01 STRAIGHT AHEAD,NO CONTRIBUTING ACTION,NOT CODED,00 NOT CODED,00 NOT CODED,00 NOT CODED,00 NOT CODED,01 NO,1,0,0,0,1,0,1,1,N,N,N,N,Y,N,N,N,N,N,N,N,N,N,N,N,N,N,N,N,N,N,N,N,N,N,26.67896586,-80.16670552,582910.704212,2951149.282676,L,,ARBM15Q1R2,"February 28, 2022",1148203,-8924117.13736271,3083420.3242460857
2017854876930,2017,854876930,FHPL17OFF037273,FLORIDA HIGHWAY PATROL,04 FOURTH,PALM BEACH,"May 12, 2017",0100,SATURDAY,9394 WEST PALM BEACH,0694,N,I 95,LAKE IDA CANAL,0.01,N,26.8086799,-80.0981,26.4995124,-80.0786899,93220000,12.65,02190,SR 9,I 95,L LEFT,S SIDE OF ROAD,N NORTH,01 INTERSTATE URBAN,01 INTERSTATE,01 NON-JUNCTION,04 MEDIAN,01 NOT AT INTERSECTION,01 PAVED,34,"May 15, 2017",11 URBAN PRIN ART INT.,64,PAVED WARN,10,LAWN,12,,0,32,203059,RCI,6,,65,3 NO-INCAPACITATING INJURY,31 Q/C COMPLETED - LOC VERIFIED,1 ALC,01 NOT AT INTERSECTION/RRX/BRIDGE,04 DARK-LIGHTED,01 CLEAR,01 DRY,01 LEVEL,1 STRAIGHT,"TWO-WAY, DIVIDED, POSITIVE MED",,NO CONTROLS,NOT CODED,10,NONE,NOT CODED,NOT CODED,NONE,NOT CODED,NOT CODED,30 CONCRETE TRAFFIC BARRIER,77 OTHER (SEE NARRATIVE),77 OTHER (SEE NARRATIVE),OPERATED MV IN CARLESS OR NEGL,NOT CODED,00 NOT CODED,00 NOT CODED,00 NOT CODED,00 NOT CODED,01 NO,2,0,0,0,1,0,1,2,N,N,N,N,Y,N,N,Y,N,N,N,N,N,N,N,N,N,N,N,N,N,N,N,N,N,N,26.499143788,-80.079138834,591767.089881,2931291.827953,L,,ARBM15Q1R2,"February 28, 2022",1148609,-8914369.254947612,3061035.1424893164
2017855765600,2017,855765600,FHPL17OFF088534,FLORIDA HIGHWAY PATROL,04 FOURTH,PALM BEACH,"October 26, 2017",0920,FRIDAY,9394 WEST PALM BEACH,0694,N,I 95,OKEECHOBEE BLVD,0.01,N,26.708203,-80.0771036,26.7060142,-80.0754479,93220000,27.188,02711,SR 9,I 95,L LEFT,4 THRU LANE 4,S SOUTH,01 INTERSTATE URBAN,01 INTERSTATE,01 NON-JUNCTION,01 ON ROADWAY,01 NOT AT INTERSECTION,01 PAVED,33,"May 15, 2017",11 URBAN PRIN ART INT.,64,PAVED WARN,7,LAWN,0,,0,32,207759,RCI,6.5,,65,1 NO INJURY,31 Q/C COMPLETED - LOC VERIFIED,0 NO,01 NOT AT INTERSECTION/RRX/BRIDGE,01 DAYLIGHT,01 CLEAR,01 DRY,01 LEVEL,1 STRAIGHT,"TWO-WAY, DIVIDED, POSITIVE MED","TWO-WAY, DIVIDED, POSITIVE MED",NO CONTROLS,NO CONTROLS,10,NONE,NOT CODED,NOT CODED,NONE,NOT CODED,NOT CODED,14 MOTOR VEHICLE IN TRANSPORT,"04 SIDESWIPE, SAME DIRECTION",06 CHANGING LANES,OPERATED MV IN CARLESS OR NEGL,NO CONTRIBUTING ACTION,00 NOT CODED,00 NOT CODED,00 NOT CODED,00 NOT CODED,01 NO,0,0,0,0,2,0,2,2,N,N,Y,N,Y,N,N,N,N,N,Y,N,N,N,N,N,N,N,N,N,N,N,N,N,N,N,26.705821132,-80.075663555,591948.041766,2954186.24536,L,,ARBM15Q1R2,"February 28, 2022",1148822,-8913982.389183866,3086766.4319121754
2017855110760,2017,855110760,FHPL17OFF054428,FLORIDA HIGHWAY PATROL,04 FOURTH,PALM BEACH,"July 7, 2017",1925,SATURDAY,9394 WEST PALM BEACH,0694,Y,I 95,BELVEDERE RD,0.5,N,26.6970629,-80.0698568,26.6966987,-80.0696215,93220000,26.476,04933,SR 9,I 95,R RIGHT,5 THRU LANE 5,N NORTH,01 INTERSTATE URBAN,01 INTERSTATE,01 NON-JUNCTION,01 ON ROADWAY,01 NOT AT INTERSECTION,01 PAVED,33,"May 15, 2017",11 URBAN PRIN ART INT.,64,PAVED WARN,13,,0,,0,32,232000,RCI,6,,65,3 NO-INCAPACITATING INJURY,31 Q/C COMPLETED - LOC VERIFIED,0 NO,01 NOT AT INTERSECTION/RRX/BRIDGE,01 DAYLIGHT,03 RAIN,02 WET,01 LEVEL,1 STRAIGHT,"TWO-WAY, DIVIDED, POSITIVE MED","TWO-WAY, DIVIDED, POSITIVE MED",NO CONTROLS,NO CONTROLS,10,"RD SURFC (WET, ICY, SNOW, ETC)",NOT CODED,NOT CODED,WEATHER CONDITIONS,NOT CODED,NOT CODED,14 MOTOR VEHICLE IN TRANSPORT,01 FRONT TO REAR,01 STRAIGHT AHEAD,OPERATED MV IN CARLESS OR NEGL,NO CONTRIBUTING ACTION,00 NOT CODED,00 NOT CODED,00 NOT CODED,00 NOT CODED,01 NO,1,0,0,0,3,0,3,3,N,N,N,N,N,N,N,N,N,N,N,N,N,N,N,N,N,N,N,N,Y,N,N,N,N,N,26.696875609,-80.069659366,592552.567639,2953199.754738,R,,ARBM15Q1R2,"February 28, 2022",1149822,-8913314.00584834,3085651.7518706787
2017855110500,2017,855110500,FHPL17OFF035046,FLORIDA HIGHWAY PATROL,04 FOURTH,PALM BEACH,"May 4, 2017",1200,FRIDAY,9394 WEST PALM BEACH,0694,Y,I 95,OKEECHOBEE BLVD,0.25,N,26.7066116,-80.0775407,26.7054672,-80.0771502,93220148,0.312,04905,SR 9,I 95,L LEFT,X RAMP,S SOUTH,07 RAMP URBAN,01 INTERSTATE,14 ENTRANCE/EXIT RAMP,03 SHOULDER,01 NOT AT INTERSECTION,01 PAVED,0,"December 31, 2000",,15,PAVED,12,,0,,0,,11000,RCI,3.2,,,1 NO INJURY,31 Q/C COMPLETED - LOC VERIFIED,0 NO,07 ENTRANCE RAMP,01 DAYLIGHT,03 RAIN,02 WET,02 HILLCREST,3 CURVE LEFT,ONE-WAY TRAFFICWAY,,NO CONTROLS,NOT CODED,1,DEBRIS,NOT CODED,NOT CODED,PHYSICAL OBSTRUCTION(S),NOT CODED,NOT CODED,30 CONCRETE TRAFFIC BARRIER,77 OTHER (SEE NARRATIVE),01 STRAIGHT AHEAD,RAN OFF ROADWAY,NOT CODED,00 NOT CODED,00 NOT CODED,00 NOT CODED,00 NOT CODED,01 NO,0,0,0,0,1,0,1,1,N,N,N,N,Y,N,N,N,N,N,N,N,N,N,N,N,N,N,N,N,N,N,N,N,N,N,26.705463314,-80.077143079,591801.145837,2954145.545896,O,,ARBM15Q1R2,"February 28, 2022",1150100,-8914147.089242432,3086721.8433000185
2017855098770,2017,855098770,FHPL17OFF055742,FLORIDA HIGHWAY PATROL,04 FOURTH,PALM BEACH,"July 12, 2017",0637,THURSDAY,9394 WEST PALM BEACH,0694,N,I 95,SOUTHERN BLVD,0.1,N,26.6787717,-80.0699728,26.6745285,-80.0695801,93220000,24.847,02265,SR 9,I 95,L LEFT,S SIDE OF ROAD,S SOUTH,01 INTERSTATE URBAN,01 INTERSTATE,01 NON-JUNCTION,03 SHOULDER,01 NOT AT INTERSECTION,01 PAVED,33,"May 15, 2017",11 URBAN PRIN ART INT.,64,PAVED WARN,11,LAWN,12,,0,32,199500,RCI,7.1,,65,1 NO INJURY,31 Q/C COMPLETED - LOC VERIFIED,0 NO,01 NOT AT INTERSECTION/RRX/BRIDGE,03 DAWN,02 CLOUDY,02 WET,01 LEVEL,1 STRAIGHT,"TWO-WAY, DIVIDED, POSITIVE MED",,NO CONTROLS,NOT CODED,12,"RD SURFC (WET, ICY, SNOW, ETC)",NOT CODED,NOT CODED,NONE,NOT CODED,NOT CODED,33 UTILITY POLE/LIGHT SUPPORT,77 OTHER (SEE NARRATIVE),06 CHANGING LANES,RAN OFF ROADWAY,NOT CODED,00 NOT CODED,00 NOT CODED,00 NOT CODED,00 NOT CODED,01 NO,0,0,0,0,1,0,1,1,N,N,N,N,Y,N,N,N,N,N,N,N,N,N,N,N,N,N,N,N,N,N,N,N,N,N,26.674211656,-80.069958323,592541.126607,2950689.209397,L,,ARBM15Q1R2,"February 28, 2022",1150134,-8913347.285435785,3082828.0433526305
2017855110650,2017,855110650,FHPL17OFF046466,FLORIDA HIGHWAY PATROL,04 FOURTH,PALM BEACH,"June 11, 2017",0050,MONDAY,9394 WEST PALM BEACH,0694,Y,I 95,OKEECHOBEE BLVD,0.1,N,26.7098252,-80.0783467,26.7048361,-80.0745882,93220000,27.091,01180,SR 9,I 95,R RIGHT,S SIDE OF ROAD,S SOUTH,01 INTERSTATE URBAN,01 INTERSTATE,01 NON-JUNCTION,03 SHOULDER,01 NOT AT INTERSECTION,01 PAVED,33,"May 15, 2017",11 URBAN PRIN ART INT.,64,PAVED WARN,7,LAWN,0,,0,32,232000,RCI,6,,65,1 NO INJURY,31 Q/C COMPLETED - LOC VERIFIED,1 ALC,01 NOT AT INTERSECTION/RRX/BRIDGE,04 DARK-LIGHTED,01 CLEAR,01 DRY,01 LEVEL,1 STRAIGHT,"TWO-WAY, DIVIDED, POSITIVE MED","TWO-WAY, DIVIDED, POSITIVE MED",NO CONTROLS,NO CONTROLS,10,NONE,NOT CODED,NOT CODED,NONE,NOT CODED,NOT CODED,14 MOTOR VEHICLE IN TRANSPORT,01 FRONT TO REAR,04 BACKING,OPERATED MV IN CARLESS OR NEGL,NO CONTRIBUTING ACTION,00 NOT CODED,00 NOT CODED,00 NOT CODED,00 NOT CODED,01 NO,0,0,0,0,2,0,2,2,N,N,N,N,N,N,N,Y,N,N,N,N,N,N,N,N,N,N,N,N,N,N,N,N,N,N,26.704698204,-80.074470192,592067.660298,2954062.727492,R,,ARBM15Q1R2,"February 28, 2022",1150147,-8913849.54464551,3086626.501687094
2017855125370,2017,855125370,FHPL17OFF085035,FLORIDA HIGHWAY PATROL,04 FOURTH,PALM BEACH,"October 15, 2017",1135,MONDAY,9394 WEST PALM BEACH,0694,Y,SR 9,SR 80,0.3,N,26.6761,-80.0683599,26.6798149,-80.0694692,93220000,25.211,04919,SR 9,I 95,L LEFT,2 THRU LANE 2,S SOUTH,01 INTERSTATE URBAN,01 INTERSTATE,01 NON-JUNCTION,02 OFF ROADWAY,01 NOT AT INTERSECTION,01 PAVED,33,"May 15, 2017",11 URBAN PRIN ART INT.,64,PAVED WARN,10,,0,,0,32,199500,RCI,7.1,1D3000,65,1 NO INJURY,31 Q/C COMPLETED - LOC VERIFIED,0 NO,01 NOT AT INTERSECTION/RRX/BRIDGE,01 DAYLIGHT,03 RAIN,02 WET,01 LEVEL,1 STRAIGHT,"TWO-WAY, DIVIDED, POSITIVE MED","TWO-WAY, DIVIDED, POSITIVE MED",NO CONTROLS,NO CONTROLS,10,NONE,NOT CODED,NOT CODED,NONE,NOT CODED,NOT CODED,30 CONCRETE TRAFFIC BARRIER,77 OTHER (SEE NARRATIVE),01 STRAIGHT AHEAD,NOT CODED,NO CONTRIBUTING ACTION,00 NOT CODED,00 NOT CODED,00 NOT CODED,00 NOT CODED,01 NO,0,0,0,0,1,0,2,1,N,N,N,N,Y,N,N,N,N,N,N,N,N,N,N,N,N,N,N,N,N,N,N,N,N,N,26.679499899,-80.069800617,592552.549775,2951275.065011,L,,ARBM15Q1R2,"February 28, 2022",1150421,-8913329.729639228,3083486.856920833
2017854876220,2017,854876220,FHPL17OFF040251,FLORIDA HIGHWAY PATROL,04 FOURTH,PALM BEACH,"May 22, 2017",0750,TUESDAY,9394 WEST PALM BEACH,0694,Y,I 95,SR 80,0.3,S,26.6726689,-80.0700138,26.6711504,-80.0702212,93220000,24.611,04887,SR 9,I 95,M MEDIAN,M MIDDLE,N NORTH,01 INTERSTATE URBAN,01 INTERSTATE,01 NON-JUNCTION,04 MEDIAN,01 NOT AT INTERSECTION,01 PAVED,32,"May 15, 2017",11 URBAN PRIN ART INT.,78,PAVED,9,VALLEY GUTR,3,LAWN,12,32,237000,RCI,5.7,,65,3 NO-INCAPACITATING INJURY,31 Q/C COMPLETED - LOC VERIFIED,0 NO,01 NOT AT INTERSECTION/RRX/BRIDGE,01 DAYLIGHT,01 CLEAR,01 DRY,01 LEVEL,1 STRAIGHT,"TWO-WAY, DIVIDED, POSITIVE MED",,NO CONTROLS,NOT CODED,12,NONE,NOT CODED,NOT CODED,NONE,NOT CODED,NOT CODED,30 CONCRETE TRAFFIC BARRIER,77 OTHER (SEE NARRATIVE),01 STRAIGHT AHEAD,SWERVED OR AVOIDED:  DUE TO WI,NOT CODED,00 NOT CODED,00 NOT CODED,00 NOT CODED,00 NOT CODED,01 NO,1,0,0,0,1,0,1,1,N,N,N,N,Y,N,N,N,N,N,N,N,N,N,N,N,N,N,N,N,N,N,N,N,N,N,26.670916422,-80.070289873,592510.793737,2950323.979593,R,,ARBM15Q1R2,"February 28, 2022",1151443,-8913384.193439333,3082417.535982556
2017855898850,2017,855898850,FHPK17OFF083764,FLORIDA HIGHWAY PATROL,08 TURNPIKE,PALM BEACH,"November 7, 2017",0930,WEDNESDAY,9394 WEST PALM BEACH,0694,N,SR 91,MM 101,0,,26.69628,-80.1519799,26.720934,-80.1356631,93470000,27.815,01486,SR 91,,R RIGHT,2 THRU LANE 2,N NORTH,03 TOLL ROAD URBAN,06 TURNPIKE/TOLL,01 NON-JUNCTION,01 ON ROADWAY,01 NOT AT INTERSECTION,01 PAVED,36,"June 14, 2016",12 URBAN PRIN ART EXPR.,24,PAVED WARN,12,LAWN,0,,0,20,70700,RCI,13.7,0D4000,70,2 POSSIBLE INJURY,31 Q/C COMPLETED - LOC VERIFIED,0 NO,01 NOT AT INTERSECTION/RRX/BRIDGE,01 DAYLIGHT,01 CLEAR,01 DRY,01 LEVEL,1 STRAIGHT,"TWO-WAY, DIVIDED, POSITIVE MED","TWO-WAY, DIVIDED, POSITIVE MED",NO CONTROLS,NO CONTROLS,4,NONE,NOT CODED,NOT CODED,NONE,NOT CODED,NOT CODED,14 MOTOR VEHICLE IN TRANSPORT,77 OTHER (SEE NARRATIVE),14 SLOWING,DROVE TOO FAST FOR CONDITIONS,NO CONTRIBUTING ACTION,00 NOT CODED,00 NOT CODED,00 NOT CODED,00 NOT CODED,01 NO,3,0,0,0,5,0,5,5,N,N,Y,N,N,Y,N,N,N,N,N,Y,N,N,N,N,N,N,N,N,N,Y,Y,N,N,N,26.720812009,-80.135673988,585966.983177,2955804.788185,R,,ARBM15Q1R2,"February 28, 2022",1152425,-8920662.722070195,3088634.604774825
2017855765200,2017,855765200,FHPL17OFF076021,FLORIDA HIGHWAY PATROL,04 FOURTH,PALM BEACH,"September 18, 2017",0850,TUESDAY,9394 WEST PALM BEACH,0694,N,I 95,NORTHLAKE BLVD,0.01,N,26.8107635,-80.0978811,26.8087742,-80.0980809,93220000,34.739,01197,SR 9,I 95,R RIGHT,5 THRU LANE 5,N NORTH,01 INTERSTATE URBAN,01 INTERSTATE,01 NON-JUNCTION,01 ON ROADWAY,01 NOT AT INTERSECTION,01 PAVED,34,"May 15, 2017",11 URBAN PRIN ART INT.,64,PAVED,10,,0,,0,32,186000,RCI,7.4,,65,2 POSSIBLE INJURY,31 Q/C COMPLETED - LOC VERIFIED,0 NO,01 NOT AT INTERSECTION/RRX/BRIDGE,01 DAYLIGHT,02 CLOUDY,02 WET,00 NOT CODED,0 NOT CODED,"TWO-WAY, DIVIDED, POSITIVE MED","TWO-WAY, DIVIDED, POSITIVE MED",NO CONTROLS,NO CONTROLS,10,NONE,NOT CODED,NOT CODED,NONE,NOT CODED,NOT CODED,14 MOTOR VEHICLE IN TRANSPORT,01 FRONT TO REAR,00 NOT CODED,OTHER CONTRIBUTING ACTION,NO CONTRIBUTING ACTION,00 NOT CODED,00 NOT CODED,00 NOT CODED,00 NOT CODED,01 NO,1,0,0,0,2,0,2,2,N,N,N,N,N,N,N,N,N,N,N,N,N,N,N,N,N,N,N,N,N,N,N,N,N,N,26.808660521,-80.098098003,589635.538867,2965561.121621,R,,ARBM15Q1R2,"February 28, 2022",1153204,-8916479.781589065,3099587.297802855
2017855668590,2017,855668590,FHPK17OFF054701,FLORIDA HIGHWAY PATROL,04 FOURTH,PALM BEACH,"August 1, 2017",1305,WEDNESDAY,9394 WEST PALM BEACH,0694,Y,SR 704,SR 91,0,,26.69628,-80.1519799,26.7075795,-80.1413879,93280000,3.669,01724,SR 704,,I INTERSECTION,M MIDDLE,E EAST,30 URBAN 6+LN 2WY DIVD RASD,03 STATE,02 INTERSECTION,01 ON ROADWAY,02 FOUR-WAY INTERSECTION,03 CURB,41,"May 2, 2017",14 URBAN PRIN ART OTHER,48,PAVED,4,CURB&GUTTER,2,,0,42,64000,RCI,3.2,,45,2 POSSIBLE INJURY,31 Q/C COMPLETED - LOC VERIFIED,0 NO,06 BRIDGE,01 DAYLIGHT,02 CLOUDY,01 DRY,01 LEVEL,1 STRAIGHT,"TWO-WAY, DIVIDED, POSITIVE MED","TWO-WAY, DIVIDED, POSITIVE MED",TRAFFIC CONTROL SIGNAL,TRAFFIC CONTROL SIGNAL,8,NONE,NOT CODED,NOT CODED,NONE,NOT CODED,NOT CODED,14 MOTOR VEHICLE IN TRANSPORT,03 ANGLE,01 STRAIGHT AHEAD,RAN RED LIGHT,NO CONTRIBUTING ACTION,00 NOT CODED,00 NOT CODED,00 NOT CODED,00 NOT CODED,01 NO,1,0,0,0,2,0,2,2,N,N,N,N,N,N,N,N,N,N,N,N,N,N,N,N,N,N,N,N,N,N,N,N,N,N,26.707562739,-80.141538868,585393.513532,2954333.326413,R,,ARBM15Q1R2,"February 28, 2022",1153368,-8921315.597690592,3086983.459258942
2017855668650,2017,855668650,FHPK17OFF057736,FLORIDA HIGHWAY PATROL,08 TURNPIKE,PALM BEACH,"August 12, 2017",0010,SUNDAY,9394 WEST PALM BEACH,0694,N,FL TPK,SR 80,1,S,26.68319,-80.1636199,26.6652362,-80.173908,93470000,23.235,01445,SR 91,,R RIGHT,2 THRU LANE 2,N NORTH,03 TOLL ROAD URBAN,06 TURNPIKE/TOLL,01 NON-JUNCTION,01 ON ROADWAY,01 NOT AT INTERSECTION,01 PAVED,37,"June 14, 2016",12 URBAN PRIN ART EXPR.,24,PAVED WARN,10,LAWN,12,,0,20,77000,RCI,10.6,0D4500,70,1 NO INJURY,31 Q/C COMPLETED - LOC VERIFIED,0 NO,01 NOT AT INTERSECTION/RRX/BRIDGE,04 DARK-LIGHTED,02 CLOUDY,02 WET,01 LEVEL,1 STRAIGHT,"TWO-WAY, DIVIDED, POSITIVE MED","TWO-WAY, DIVIDED, POSITIVE MED",NO CONTROLS,NO CONTROLS,4,NONE,NOT CODED,NOT CODED,NONE,NOT CODED,NOT CODED,14 MOTOR VEHICLE IN TRANSPORT,01 FRONT TO REAR,06 CHANGING LANES,OPERATED MV IN CARLESS OR NEGL,NO CONTRIBUTING ACTION,00 NOT CODED,00 NOT CODED,00 NOT CODED,00 NOT CODED,01 NO,0,0,0,0,2,0,2,2,N,N,N,N,N,N,N,N,N,N,Y,N,N,N,N,N,N,N,N,N,N,N,N,N,N,N,26.665078116,-80.173928909,582201.920995,2949606.389172,R,,ARBM15Q1R2,"February 28, 2022",1153369,-8924921.241443228,3081690.2513725525
2017855953660,2017,855953660,FHPL17OFF079279,FLORIDA HIGHWAY PATROL,04 FOURTH,PALM BEACH,"September 28, 2017",0800,FRIDAY,9394 WEST PALM BEACH,0694,N,I 95,SR 882,0.5,S,26.65063,-80.0683599,26.6481073,-80.0680417,93220000,23.008,04282,SR 9,I 95,R RIGHT,2 THRU LANE 2,N NORTH,01 INTERSTATE URBAN,01 INTERSTATE,01 NON-JUNCTION,01 ON ROADWAY,01 NOT AT INTERSECTION,01 PAVED,32,"May 15, 2017",11 URBAN PRIN ART INT.,64,PAVED,10,,0,,0,32,212000,RCI,7.4,,65,1 NO INJURY,31 Q/C COMPLETED - LOC VERIFIED,0 NO,01 NOT AT INTERSECTION/RRX/BRIDGE,01 DAYLIGHT,02 CLOUDY,02 WET,02 HILLCREST,1 STRAIGHT,"TWO-WAY, DIVIDED, POSITIVE MED","TWO-WAY, DIVIDED, POSITIVE MED",NO CONTROLS,NO CONTROLS,11,NONE,NOT CODED,NOT CODED,NONE,NOT CODED,NOT CODED,14 MOTOR VEHICLE IN TRANSPORT,01 FRONT TO REAR,01 STRAIGHT AHEAD,DROVE TOO FAST FOR CONDITIONS,NO CONTRIBUTING ACTION,00 NOT CODED,00 NOT CODED,00 NOT CODED,00 NOT CODED,01 NO,0,0,0,0,4,0,4,4,N,N,N,N,N,Y,Y,N,N,N,Y,Y,N,N,N,N,N,N,N,N,N,N,N,N,N,N,26.647849791,-80.06809588,592747.765467,2947770.649885,R,,ARBM15Q1R2,"February 28, 2022",1153565,-8913139.959030984,3079544.316725799
2017855668720,2017,855668720,FHPK17OFF069120,FLORIDA HIGHWAY PATROL,08 TURNPIKE,PALM BEACH,"September 18, 2017",0750,TUESDAY,9394 WEST PALM BEACH,0694,N,SR 91,SR 80,1,N,26.67133,-80.1717299,26.6901964,-80.1579199,93470000,25.235,01447,SR 91,,L LEFT,1 THRU LANE 1,0,03 TOLL ROAD URBAN,06 TURNPIKE/TOLL,01 NON-JUNCTION,01 ON ROADWAY,01 NOT AT INTERSECTION,01 PAVED,37,"June 14, 2016",12 URBAN PRIN ART EXPR.,24,PAVED WARN,10,LAWN,12,,0,20,75700,RCI,13.7,,70,1 NO INJURY,31 Q/C COMPLETED - LOC VERIFIED,0 NO,01 NOT AT INTERSECTION/RRX/BRIDGE,01 DAYLIGHT,02 CLOUDY,01 DRY,00 NOT CODED,0 NOT CODED,"TWO-WAY, DIVIDED, POSITIVE MED","TWO-WAY, DIVIDED, POSITIVE MED",NO CONTROLS,NO CONTROLS,4,NONE,NOT CODED,NOT CODED,NONE,NOT CODED,NOT CODED,14 MOTOR VEHICLE IN TRANSPORT,"04 SIDESWIPE, SAME DIRECTION",00 NOT CODED,NOT CODED,NO CONTRIBUTING ACTION,00 NOT CODED,00 NOT CODED,00 NOT CODED,00 NOT CODED,01 NO,0,0,0,0,1,0,2,1,N,N,N,N,Y,N,N,N,N,N,N,N,N,N,N,N,N,N,N,N,N,N,N,N,N,N,26.689977022,-80.158307115,583738.313842,2952374.379586,L,,ARBM15Q1R2,"February 28, 2022",1153897,-8923182.231017804,3084792.195284923
2017855945890,2017,855945890,FHPK17OFF079598,FLORIDA HIGHWAY PATROL,08 TURNPIKE,PALM BEACH,"October 22, 2017",2215,MONDAY,9394 WEST PALM BEACH,0694,N,SR 91,SR 80,1,S,26.6791184,-80.1666542,26.6652362,-80.173908,93470000,23.235,01445,SR 91,,L LEFT,1 THRU LANE 1,S SOUTH,03 TOLL ROAD URBAN,06 TURNPIKE/TOLL,01 NON-JUNCTION,01 ON ROADWAY,01 NOT AT INTERSECTION,01 PAVED,37,"June 14, 2016",12 URBAN PRIN ART EXPR.,24,PAVED WARN,10,LAWN,12,,0,20,77000,RCI,10.6,0D4500,70,1 NO INJURY,31 Q/C COMPLETED - LOC VERIFIED,0 NO,01 NOT AT INTERSECTION/RRX/BRIDGE,04 DARK-LIGHTED,01 CLEAR,01 DRY,01 LEVEL,1 STRAIGHT,"TWO-WAY, DIVIDED, POSITIVE MED","TWO-WAY, DIVIDED, POSITIVE MED",NO CONTROLS,NO CONTROLS,4,NONE,NOT CODED,NOT CODED,NONE,NOT CODED,NOT CODED,18 OTHER NON-FIXED OBJECT,77 OTHER (SEE NARRATIVE),01 STRAIGHT AHEAD,NO CONTRIBUTING ACTION,NO CONTRIBUTING ACTION,00 NOT CODED,00 NOT CODED,00 NOT CODED,00 NOT CODED,01 NO,0,0,0,0,2,0,2,4,N,N,Y,N,N,N,N,N,N,N,N,N,N,N,N,N,N,N,N,N,N,N,N,N,N,N,26.664906066,-80.174110759,582183.947649,2949587.215717,L,,ARBM15Q1R2,"February 28, 2022",1154734,-8924941.485037804,3081668.8194683967