Crash Id,Calendar Year,FDOT Crash Number,Reporting Agency Case Number,Reporting Agency Type,FDOT Managing District,County Name,Crash Date,Crash Time,Day,DHSMV City,Crash Report City Code,In Town,On Roadway Name,Int Roadway Name,Reference Distance (Miles),Reference Direction,Officer Latitude,Officer Longitude,FDOT Latitude,FDOT Longitude,FDOT Roadway,Nearest Inventory MP,Nearest Node From Crash,State Road #,US Highway,Crash Side of Road,Accident Lane Number,Travel Direction Vehicle 1,FDOT Road Category,DHSMV Road System Id,Relation to Junction,Crash Harmful Event Location,Intersection Type,Shoulder Type,FDOT Roadway SKID Test Result,FDOT Roadway SKID Test Date,Functional Class,RCI Surface Width,RCI Shoulder Type First,RCI Shoulder Width First,RCI Shoulder Type Second,RCI Shoulder Width Second,RCI Shoulder Type Third,RCI Shoulder Width Third,RCI Median Width,Avg Daily Traffic,AADT Source,RCI Avg Per Truck Traffic,RCI Horiz Curve Condition,Posted Speed Limit,Highest Injury in Crash,CAR Status Code,Alcohols/Drug Involved,Site Location,Lighting,Weather,Road Surface,Roadway Grade,Roadway Alignment,Traffic Way Vehicle 1,Traffic Way Vehicle 2,Traffic Control Vehicle 1,Traffic Control Vehicle 2,Count of Lanes,Road Condition 1,Road Condition 2,Road Condition 3,Environment Condition 1,Environment Condition 2,Environment Condition 3,Crash Harmful Event,Manner of Collision,Vehicle Movement,Driver Action Vehicle 1,Driver Action Vehicle 2,Location Within Workzone,Type of Workzone,Workers Present in Workzone,Law Enforcement Present in Workzone,School Bus Related,Count of Nonfatal Injuries,Count of Traffic Fatalities,Count of Serious Injuries,Count of Pedestrians,Count of Drivers,Count of Bicyclists,Count of Vehicles,Count of Persons,Wrong Way,Workzone Inv,Commercial Vehicle Inv,Intersection Inv,Lane Departure,Speeding,Agressive Driving,Impaired Driver,Impaired Pedestrian,Impaired Bicyclist,Distracted Driver,Speeding or Aggressive Driving,Pedestrian Related,Bicyclist Related,Pedestrian or Bicyclist Related,Motorcycle Inv,No Belt,No Belt - Ages 1-4,No Belt - Ages 5-12,No Belt - Ages 13-17,Driver - Ages Teen,Driver - Ages 65 plus,Driver - Ages 65-69,Driver - Ages 70-74,Driver - Ages 75-79,Driver - Ages 80 plus,ARBM Latitude,ARBM Longitude,UTM Zone 17N X,UTM Zone 17N Y,ARBM Side of Road,Urban Rural Indicator,GIS Street Source,Extract Date,OBJECTID,x,y
2017875788420,2017,875788420,20170022149,COUNTY SHERIFF'S OFFICE,04 FOURTH,PALM BEACH,"November 29, 2017",0842,THURSDAY,9394 WEST PALM BEACH,0694,Y,PALM BEACH LAKES BLVD,,0,E,0,0,26.725143,-80.07903,93014500,1.924,,,,L LEFT,2 THRU LANE 2,N NORTH,,05 LOCAL,15 CROSSOVER-RELATED,01 ON ROADWAY,01 NOT AT INTERSECTION,03 CURB,0,"December 31, 2000",,,,0,,0,,0,,,RCI,0,,,1 NO INJURY,33 Q/C VERIFIED AS OFF-SYSTEM,0 NO,02 AT INTERSECTION,01 DAYLIGHT,01 CLEAR,01 DRY,01 LEVEL,1 STRAIGHT,"TWO-WAY, DIVIDED, POSITIVE MED","TWO-WAY, DIVIDED, POSITIVE MED",NO CONTROLS,NO CONTROLS,,NONE,NOT CODED,NOT CODED,NONE,NOT CODED,NOT CODED,14 MOTOR VEHICLE IN TRANSPORT,03 ANGLE,03 TURNING LEFT,FAILED TO YIELD RIGHT-OF-WAY,NO CONTRIBUTING ACTION,00 NOT CODED,00 NOT CODED,00 NOT CODED,00 NOT CODED,01 NO,0,0,0,0,2,0,2,2,N,N,N,Y,N,N,N,N,N,N,N,N,N,N,N,N,N,N,N,N,N,N,N,N,N,N,26.725145071,-80.079027327,591597.9461,2956324.2072,L,U,ARBM15Q1R2,"February 28, 2022",1724781,-8914356.842815226,3089174.639894792
2017854964310,2017,854964310,FHPL17OFF022409,FLORIDA HIGHWAY PATROL,04 FOURTH,PALM BEACH,"March 23, 2017",0927,FRIDAY,9394 WEST PALM BEACH,0694,N,I 95,SOUTHERN BLVD,0.1,N,26.67633,-80.06985,26.6770995,-80.0694871,93220000,25.024,05229,SR 9,I 95,M MEDIAN,M MIDDLE,S SOUTH,01 INTERSTATE URBAN,01 INTERSTATE,01 NON-JUNCTION,03 SHOULDER,01 NOT AT INTERSECTION,01 PAVED,33,"May 15, 2017",11 URBAN PRIN ART INT.,64,PAVED WARN,11,VALLEY GUTR,3,LAWN,12,32,199500,RCI,7.1,,65,1 NO INJURY,31 Q/C COMPLETED - LOC VERIFIED,0 NO,01 NOT AT INTERSECTION/RRX/BRIDGE,01 DAYLIGHT,01 CLEAR,01 DRY,01 LEVEL,3 CURVE LEFT,"TWO-WAY, DIVIDED, POSITIVE MED",,NO CONTROLS,NOT CODED,10,NONE,NOT CODED,NOT CODED,NONE,NOT CODED,NOT CODED,30 CONCRETE TRAFFIC BARRIER,77 OTHER (SEE NARRATIVE),01 STRAIGHT AHEAD,NO CONTRIBUTING ACTION,NOT CODED,00 NOT CODED,00 NOT CODED,00 NOT CODED,00 NOT CODED,01 NO,0,0,0,0,1,0,1,2,N,N,N,N,Y,N,N,N,N,N,N,N,N,N,N,N,N,N,N,N,N,N,N,N,N,N,26.676868273,-80.069531749,592581.428409,2950983.773401,R,,ARBM15Q1R2,"February 28, 2022",1725617,-8913299.799398882,3083159.002994314
2017854964800,2017,854964800,FHPL17OFF041664,FLORIDA HIGHWAY PATROL,04 FOURTH,PALM BEACH,"May 26, 2017",1244,SATURDAY,9394 WEST PALM BEACH,0694,N,I 95,SOUTHERN BLVD,0.1,S,26.67633,-80.06985,26.6716647,-80.0701153,93220000,24.647,04887,SR 9,I 95,R RIGHT,5 THRU LANE 5,N NORTH,01 INTERSTATE URBAN,01 INTERSTATE,01 NON-JUNCTION,01 ON ROADWAY,01 NOT AT INTERSECTION,01 PAVED,32,"May 15, 2017",11 URBAN PRIN ART INT.,78,PAVED,9,VALLEY GUTR,3,LAWN,12,32,237000,RCI,5.7,,65,2 POSSIBLE INJURY,31 Q/C COMPLETED - LOC VERIFIED,0 NO,01 NOT AT INTERSECTION/RRX/BRIDGE,01 DAYLIGHT,01 CLEAR,01 DRY,01 LEVEL,1 STRAIGHT,"TWO-WAY, DIVIDED, POSITIVE MED","TWO-WAY, DIVIDED, POSITIVE MED",NO CONTROLS,NO CONTROLS,12,NONE,NOT CODED,NOT CODED,NONE,NOT CODED,NOT CODED,14 MOTOR VEHICLE IN TRANSPORT,"04 SIDESWIPE, SAME DIRECTION",06 CHANGING LANES,FAILED TO KEEP IN PROPER LANE,NO CONTRIBUTING ACTION,00 NOT CODED,00 NOT CODED,00 NOT CODED,00 NOT CODED,01 NO,1,0,0,0,2,0,2,2,N,N,N,N,Y,N,N,N,N,N,N,N,N,N,N,N,N,N,N,N,N,Y,Y,N,N,N,26.671431762,-80.070185435,592520.770536,2950381.13577,R,,ARBM15Q1R2,"February 28, 2022",1725618,-8913372.567470696,3082481.7342339335
2017854294320,2017,854294320,FHPL17OFF001717,FLORIDA HIGHWAY PATROL,04 FOURTH,PALM BEACH,"January 6, 2017",1235,SATURDAY,9394 WEST PALM BEACH,0694,Y,I 95,PALM BEACH LAKES BLVD,0.25,N,26.7260161,-80.0912079,26.4746462,-80.0877024,93220000,10.85,05030,SR 9,I 95,R RIGHT,U UNKNOWN,S SOUTH,01 INTERSTATE URBAN,01 INTERSTATE,01 NON-JUNCTION,01 ON ROADWAY,01 NOT AT INTERSECTION,01 PAVED,35,"May 15, 2017",11 URBAN PRIN ART INT.,64,PAVED WARN,10,LAWN,12,,0,32,203059,RCI,6,,65,2 POSSIBLE INJURY,31 Q/C COMPLETED - LOC VERIFIED,1 ALC,01 NOT AT INTERSECTION/RRX/BRIDGE,01 DAYLIGHT,02 CLOUDY,02 WET,01 LEVEL,1 STRAIGHT,"TWO-WAY, DIVIDED, POSITIVE MED","TWO-WAY, DIVIDED, POSITIVE MED",NO CONTROLS,NO CONTROLS,10,NONE,NOT CODED,NOT CODED,NONE,NOT CODED,NOT CODED,14 MOTOR VEHICLE IN TRANSPORT,77 OTHER (SEE NARRATIVE),06 CHANGING LANES,OTHER CONTRIBUTING ACTION,NO CONTRIBUTING ACTION,00 NOT CODED,00 NOT CODED,00 NOT CODED,00 NOT CODED,01 NO,1,0,0,0,2,0,2,3,N,N,N,N,Y,N,N,Y,N,N,N,N,N,N,N,N,N,N,N,N,N,N,N,N,N,N,26.474291363,-80.087860119,590917.483807,2928532.977293,R,,ARBM15Q1R2,"February 28, 2022",1725697,-8915340.104215834,3057944.1443402804
2017870206310,2017,870206310,20170011407,COUNTY SHERIFF'S OFFICE,04 FOURTH,PALM BEACH,"June 11, 2017",1343,MONDAY,9394 WEST PALM BEACH,0694,Y,45TH ST,MILITARY TRL N,0.047,E,0,0,26.7596758,-80.10846,93150000,5.651,01688,SR 809,,S SIDE RD RIGHT,2 THRU LANE 2,W WEST,30 URBAN 6+LN 2WY DIVD RASD,03 STATE,01 NON-JUNCTION,01 ON ROADWAY,01 NOT AT INTERSECTION,03 CURB,36,"May 2, 2017",14 URBAN PRIN ART OTHER,36,PAVED,4,CURB&GUTTER,2,,0,30,36500,RCI,4.1,,45,1 NO INJURY,31 Q/C COMPLETED - LOC VERIFIED,0 NO,03 INFLUENCED BY INTERSECTION,01 DAYLIGHT,02 CLOUDY,01 DRY,01 LEVEL,1 STRAIGHT,"TWO-WAY, DIVIDED, POSITIVE MED","TWO-WAY, DIVIDED, POSITIVE MED",NO CONTROLS,NO CONTROLS,6,NONE,NOT CODED,NOT CODED,NONE,NOT CODED,NOT CODED,14 MOTOR VEHICLE IN TRANSPORT,"04 SIDESWIPE, SAME DIRECTION",01 STRAIGHT AHEAD,OTHER CONTRIBUTING ACTION,OTHER CONTRIBUTING ACTION,00 NOT CODED,00 NOT CODED,00 NOT CODED,00 NOT CODED,01 NO,0,0,0,0,2,0,2,2,N,N,Y,Y,N,N,N,N,N,N,N,N,N,N,N,N,N,N,N,N,N,N,N,N,N,N,26.759727482,-80.10844385,588645.275588,2960133.851703,R,,ARBM15Q1R2,"February 28, 2022",1725749,-8917631.476225024,3093485.426220027
2017875787600,2017,875787600,20170021790,COUNTY SHERIFF'S OFFICE,04 FOURTH,PALM BEACH,"November 22, 2017",2329,THURSDAY,9394 WEST PALM BEACH,0694,Y,EXECUTIVE CENTER DR,PALM BEACH LAKES BLVD,0.019,S,0,0,26.720868,-80.087341,93A11288,0.034,,,,L LEFT,1 THRU LANE 1,0,,05 LOCAL,01 NON-JUNCTION,01 ON ROADWAY,01 NOT AT INTERSECTION,03 CURB,0,"December 31, 2000",,,,0,,0,,0,,,RCI,0,,,0 UNKNOWN/NOT CODED,33 Q/C VERIFIED AS OFF-SYSTEM,0 NO,01 NOT AT INTERSECTION/RRX/BRIDGE,04 DARK-LIGHTED,01 CLEAR,01 DRY,00 NOT CODED,0 NOT CODED,NOT CODED,"TWO-WAY, NOT DIVIDED",NOT CODED,NO CONTROLS,,NONE,NONE,NOT CODED,NONE,NOT CODED,NOT CODED,14 MOTOR VEHICLE IN TRANSPORT,"05 SIDESWIPE, OPPOSITE DIRECTION",00 NOT CODED,NOT CODED,NOT CODED,00 NOT CODED,00 NOT CODED,00 NOT CODED,00 NOT CODED,01 NO,0,0,0,0,0,0,2,0,N,N,N,N,Y,N,N,N,N,N,N,N,N,N,N,N,N,N,N,N,N,N,N,N,N,N,26.720868509,-80.087340427,590774.494273,2955844.570642,C,U,ARBM15Q1R2,"February 28, 2022",1725874,-8915282.253134165,3088641.6464616028
2017855703380,2017,855703380,FHPL17OFF081014,FLORIDA HIGHWAY PATROL,04 FOURTH,PALM BEACH,"October 3, 2017",1700,WEDNESDAY,9394 WEST PALM BEACH,0694,Y,SR 9,10TH AVE,0.5,N,26.6448223,-80.0685249,26.6346802,-80.0680742,93220000,22.078,02214,SR 9,I 95,R RIGHT,2 THRU LANE 2,N NORTH,01 INTERSTATE URBAN,01 INTERSTATE,01 NON-JUNCTION,01 ON ROADWAY,01 NOT AT INTERSECTION,01 PAVED,32,"May 15, 2017",11 URBAN PRIN ART INT.,78,PAVED WARN,10,,0,,0,32,212000,RCI,7.4,,65,1 NO INJURY,31 Q/C COMPLETED - LOC VERIFIED,0 NO,01 NOT AT INTERSECTION/RRX/BRIDGE,01 DAYLIGHT,02 CLOUDY,01 DRY,01 LEVEL,1 STRAIGHT,"TWO-WAY, DIVIDED, POSITIVE MED","TWO-WAY, DIVIDED, POSITIVE MED",NO CONTROLS,NO CONTROLS,11,NONE,NOT CODED,NOT CODED,NONE,NOT CODED,NOT CODED,14 MOTOR VEHICLE IN TRANSPORT,01 FRONT TO REAR,01 STRAIGHT AHEAD,OPERATED MV IN CARLESS OR NEGL,NO CONTRIBUTING ACTION,00 NOT CODED,00 NOT CODED,00 NOT CODED,00 NOT CODED,01 NO,0,0,0,0,2,0,2,2,N,N,N,N,N,N,N,N,N,N,N,N,N,N,N,N,N,N,N,N,N,N,N,N,N,N,26.634409085,-80.068041255,592764.061378,2946281.964644,R,,ARBM15Q1R2,"February 28, 2022",1726131,-8913133.878204606,3077870.3868725915
2017866203800,2017,866203800,20170000191,COUNTY SHERIFF'S OFFICE,04 FOURTH,PALM BEACH,"January 2, 2017",2017,TUESDAY,9394 WEST PALM BEACH,0694,Y,OKEECHOBEE BLVD,CHURCH ST,0,,0,0,26.7062053,-80.0819296,93280000,7.342,01746,SR 704,,L LEFT,4 THRU LANE 4,E EAST,30 URBAN 6+LN 2WY DIVD RASD,05 LOCAL,02 INTERSECTION,01 ON ROADWAY,02 FOUR-WAY INTERSECTION,01 PAVED,34,"May 2, 2017",14 URBAN PRIN ART OTHER,43,PAVED,3,CURB&GUTTER,2,,0,19,45000,RCI,3.2,,45,1 NO INJURY,31 Q/C COMPLETED - LOC VERIFIED,0 NO,02 AT INTERSECTION,04 DARK-LIGHTED,01 CLEAR,01 DRY,01 LEVEL,1 STRAIGHT,"TWO-WAY, DIVIDED, POSITIVE MED","TWO-WAY, DIVIDED, POSITIVE MED",TRAFFIC CONTROL SIGNAL,TRAFFIC CONTROL SIGNAL,8,NONE,NOT CODED,NOT CODED,NONE,NOT CODED,NOT CODED,14 MOTOR VEHICLE IN TRANSPORT,03 ANGLE,01 STRAIGHT AHEAD,RAN RED LIGHT,NO CONTRIBUTING ACTION,00 NOT CODED,00 NOT CODED,00 NOT CODED,00 NOT CODED,01 NO,0,0,0,0,2,0,2,3,N,N,N,Y,N,N,N,N,N,N,N,N,N,N,N,N,N,N,N,N,N,Y,N,Y,N,N,26.70635097,-80.081713099,591345.811657,2954240.582552,L,,ARBM15Q1R2,"February 28, 2022",1729426,-8914655.821612988,3086832.4564772286
2017866218500,2017,866218500,20170005351,COUNTY SHERIFF'S OFFICE,04 FOURTH,PALM BEACH,"March 17, 2017",0101,SATURDAY,9394 WEST PALM BEACH,0694,Y,45TH ST,NORTHPOINT BLVD,0.019,E,0,0,26.759337,-80.096181,93510000,0.764,,,,L LEFT,L LEFT TURN,W WEST,,05 LOCAL,01 NON-JUNCTION,01 ON ROADWAY,01 NOT AT INTERSECTION,03 CURB,0,"December 31, 2000",,,,0,,0,,0,,,RCI,0,,,1 NO INJURY,33 Q/C VERIFIED AS OFF-SYSTEM,0 NO,01 NOT AT INTERSECTION/RRX/BRIDGE,04 DARK-LIGHTED,01 CLEAR,01 DRY,01 LEVEL,1 STRAIGHT,"TWO-WAY, DIVIDED, POSITIVE MED","TWO-WAY, DIVIDED, POSITIVE MED",NO CONTROLS,NO CONTROLS,,NONE,NOT CODED,NOT CODED,NONE,NOT CODED,NOT CODED,09 OTHER NON-COLLISION,01 FRONT TO REAR,01 STRAIGHT AHEAD,OTHER CONTRIBUTING ACTION,NO CONTRIBUTING ACTION,00 NOT CODED,00 NOT CODED,00 NOT CODED,00 NOT CODED,01 NO,0,0,0,0,2,0,2,3,N,N,N,N,N,N,N,N,N,N,N,N,N,N,N,N,N,N,N,N,N,N,N,N,N,N,26.759338274,-80.096180913,589864.916134,2960099.343873,L,U,ARBM15Q1R2,"February 28, 2022",1729428,-8916266.372017663,3093436.9031804414
2017855841970,2017,855841970,FHPL17OFF094945,FLORIDA HIGHWAY PATROL,04 FOURTH,PALM BEACH,"November 15, 2017",0515,THURSDAY,9394 WEST PALM BEACH,0694,Y,I 95,BELVEDERE RD,0.189,S,26.6905795,-80.0669949,26.6877856,-80.0671583,93220000,25.787,05232,SR 9,I 95,L LEFT,S SIDE OF ROAD,S SOUTH,01 INTERSTATE URBAN,01 INTERSTATE,01 NON-JUNCTION,03 SHOULDER,01 NOT AT INTERSECTION,01 PAVED,33,"May 15, 2017",11 URBAN PRIN ART INT.,64,PAVED,10,,0,,0,32,199500,RCI,7.1,3D0000,65,1 NO INJURY,31 Q/C COMPLETED - LOC VERIFIED,0 NO,01 NOT AT INTERSECTION/RRX/BRIDGE,04 DARK-LIGHTED,02 CLOUDY,02 WET,04 DOWNHILL,2 CURVE RIGHT,"TWO-WAY, DIVIDED, POSITIVE MED",,NO CONTROLS,NOT CODED,10,NONE,NOT CODED,NOT CODED,NONE,NOT CODED,NOT CODED,30 CONCRETE TRAFFIC BARRIER,77 OTHER (SEE NARRATIVE),15 NEGOTIATING A CURVE,NO CONTRIBUTING ACTION,NOT CODED,00 NOT CODED,00 NOT CODED,00 NOT CODED,00 NOT CODED,01 NO,0,0,0,0,1,0,1,1,N,N,N,N,Y,N,N,N,N,N,N,N,N,N,N,N,N,N,N,N,N,N,N,N,N,N,26.687525284,-80.067683863,592756.676676,2952165.518439,L,,ARBM15Q1R2,"February 28, 2022",1729431,-8913094.093695214,3084486.724201857
2017866211750,2017,866211750,20170002974,COUNTY SHERIFF'S OFFICE,04 FOURTH,PALM BEACH,"February 11, 2017",2138,SUNDAY,9394 WEST PALM BEACH,0694,Y,N CONGRESS AVE,PALM BEACH LAKES BLVD,0.063,S,0,0,26.723461,-80.083117,93250500,2.346,,,,L LEFT,2 THRU LANE 2,N NORTH,,04 COUNTY,77 OTHER (SEE NARRATIVE),01 ON ROADWAY,77 OTHER (SEE NARRATIVE),03 CURB,0,"December 31, 2000",,,,0,,0,,0,,,RCI,0,,,1 NO INJURY,33 Q/C VERIFIED AS OFF-SYSTEM,0 NO,01 NOT AT INTERSECTION/RRX/BRIDGE,04 DARK-LIGHTED,01 CLEAR,01 DRY,01 LEVEL,1 STRAIGHT,"TWO-WAY, NOT DIVIDED","TWO-WAY, NOT DIV, W/CONT LTURN",NO CONTROLS,NO CONTROLS,,NONE,NOT CODED,NOT CODED,NONE,NOT CODED,NOT CODED,14 MOTOR VEHICLE IN TRANSPORT,03 ANGLE,03 TURNING LEFT,IMPROPER TURN,NO CONTRIBUTING ACTION,00 NOT CODED,00 NOT CODED,00 NOT CODED,00 NOT CODED,01 NO,0,0,0,0,2,0,2,3,N,N,N,N,N,N,N,N,N,N,N,N,N,N,N,N,N,N,N,N,N,N,N,N,N,N,26.723459494,-80.083120668,591192.154046,2956134.570204,C,U,ARBM15Q1R2,"February 28, 2022",1729970,-8914812.511641065,3088964.5618454264
2017866209570,2017,866209570,20170002243,COUNTY SHERIFF'S OFFICE,04 FOURTH,PALM BEACH,"February 2, 2017",0947,FRIDAY,9394 WEST PALM BEACH,0694,Y,OKEECHOBEE BLVD,WABASSO DR,0.009,W,0,0,26.706683,-80.1003344,93280000,6.205,03983,SR 704,,R RIGHT,4 THRU LANE 4,E EAST,30 URBAN 6+LN 2WY DIVD RASD,03 STATE,01 NON-JUNCTION,01 ON ROADWAY,01 NOT AT INTERSECTION,03 CURB,34,"May 2, 2017",14 URBAN PRIN ART OTHER,33,PAVED,3,CURB&GUTTER,2,,0,30,72500,RCI,2.3,,45,1 NO INJURY,31 Q/C COMPLETED - LOC VERIFIED,0 NO,03 INFLUENCED BY INTERSECTION,01 DAYLIGHT,01 CLEAR,01 DRY,01 LEVEL,1 STRAIGHT,"TWO-WAY, DIVIDED, POSITIVE MED","TWO-WAY, DIVIDED, POSITIVE MED",NO CONTROLS,NO CONTROLS,7,NONE,NONE,NONE,NONE,NONE,NONE,14 MOTOR VEHICLE IN TRANSPORT,01 FRONT TO REAR,01 STRAIGHT AHEAD,NOT CODED,NO CONTRIBUTING ACTION,00 NOT CODED,00 NOT CODED,00 NOT CODED,00 NOT CODED,01 NO,0,0,0,0,2,0,3,4,N,N,N,Y,N,N,N,N,N,N,N,N,N,N,N,N,Y,N,N,N,N,Y,Y,N,N,N,26.706645604,-80.100425912,589484.047364,2954259.944107,R,,ARBM15Q1R2,"February 28, 2022",1729995,-8916738.923046047,3086869.171635937
2017866216720,2017,866216720,20170004745,COUNTY SHERIFF'S OFFICE,04 FOURTH,PALM BEACH,"March 8, 2017",1139,THURSDAY,9394 WEST PALM BEACH,0694,Y,DIXIE HWY S,MACY ST,0.028,N,0,0,26.657051,-80.0559383,93050000,4.547,00101,SR 805,US 1,L LEFT,1 THRU LANE 1,E EAST,22 URBAN 4-5LN 2WY UNDIVD,02 U.S.,01 NON-JUNCTION,01 ON ROADWAY,01 NOT AT INTERSECTION,03 CURB,35,"May 1, 2017",16 URBAN MINOR ART,53,PAVED,8,CURB&GUTTER,2,,0,,24000,RCI,2.6,,35,1 NO INJURY,31 Q/C COMPLETED - LOC VERIFIED,0 NO,03 INFLUENCED BY INTERSECTION,01 DAYLIGHT,02 CLOUDY,01 DRY,01 LEVEL,1 STRAIGHT,"TWO-WAY, NOT DIVIDED","TWO-WAY, NOT DIVIDED",NO CONTROLS,NO CONTROLS,4,NONE,NOT CODED,NOT CODED,NONE,NOT CODED,NOT CODED,14 MOTOR VEHICLE IN TRANSPORT,03 ANGLE,03 TURNING LEFT,FAILED TO YIELD RIGHT-OF-WAY,NO CONTRIBUTING ACTION,00 NOT CODED,00 NOT CODED,00 NOT CODED,00 NOT CODED,01 NO,0,0,0,0,2,0,2,2,N,N,N,Y,N,N,N,N,N,N,N,N,N,N,N,N,N,N,N,N,N,Y,N,N,N,Y,26.65701697,-80.055944042,593949.737185,2948794.913623,C,,ARBM15Q1R2,"February 28, 2022",1729998,-8911787.222250098,3080686.126748112
2017866210660,2017,866210660,20170002601,COUNTY SHERIFF'S OFFICE,04 FOURTH,PALM BEACH,"February 6, 2017",1847,TUESDAY,9394 WEST PALM BEACH,0694,Y,PALM BEACH LAKES BLVD,N AUSTRALIAN AVE,0,E,0,0,26.724872,-80.066677,93014500,2.694,,,,I INTERSECTION,M MIDDLE,0,,05 LOCAL,02 INTERSECTION,01 ON ROADWAY,01 NOT AT INTERSECTION,03 CURB,0,"December 31, 2000",,,,0,,0,,0,,,RCI,0,,,1 NO INJURY,33 Q/C VERIFIED AS OFF-SYSTEM,0 NO,02 AT INTERSECTION,01 DAYLIGHT,01 CLEAR,01 DRY,00 NOT CODED,0 NOT CODED,NOT CODED,"TWO-WAY, DIVIDED, POSITIVE MED",NOT CODED,NO CONTROLS,,NONE,NOT CODED,NOT CODED,NONE,NOT CODED,NOT CODED,14 MOTOR VEHICLE IN TRANSPORT,03 ANGLE,00 NOT CODED,NOT CODED,NO CONTRIBUTING ACTION,00 NOT CODED,00 NOT CODED,00 NOT CODED,00 NOT CODED,01 NO,0,0,0,0,1,0,2,1,N,N,N,Y,N,N,N,N,N,N,N,N,N,N,N,N,N,N,N,N,N,N,N,N,N,N,26.724873662,-80.066675454,592826.721656,2956303.086125,L,U,ARBM15Q1R2,"February 28, 2022",1730028,-8912981.838093368,3089140.81330187
2017866211270,2017,866211270,20170002794,COUNTY SHERIFF'S OFFICE,04 FOURTH,PALM BEACH,"February 9, 2017",1155,FRIDAY,9394 WEST PALM BEACH,0694,Y,MILITARY TRL N,SHILOH DR,0.019,N,0,0,26.7548672,-80.1088204,93150000,5.319,05708,SR 809,,L LEFT,3 THRU LANE 3,S SOUTH,30 URBAN 6+LN 2WY DIVD RASD,03 STATE,03 INTERSECTION-RELATED,01 ON ROADWAY,01 NOT AT INTERSECTION,03 CURB,37,"May 2, 2017",14 URBAN PRIN ART OTHER,36,PAVED,4,CURB&GUTTER,2,,0,20,36500,RCI,4.1,,45,2 POSSIBLE INJURY,31 Q/C COMPLETED - LOC VERIFIED,3 A/D,03 INFLUENCED BY INTERSECTION,01 DAYLIGHT,01 CLEAR,01 DRY,01 LEVEL,1 STRAIGHT,"TWO-WAY, DIVIDED, POSITIVE MED","TWO-WAY, DIVIDED, POSITIVE MED",NO CONTROLS,NO CONTROLS,6,NONE,NOT CODED,NOT CODED,NONE,NOT CODED,NOT CODED,14 MOTOR VEHICLE IN TRANSPORT,03 ANGLE,01 STRAIGHT AHEAD,OPERATED MV IN CARLESS OR NEGL,NO CONTRIBUTING ACTION,00 NOT CODED,00 NOT CODED,00 NOT CODED,00 NOT CODED,01 NO,1,0,0,0,2,0,2,3,N,N,N,Y,N,N,N,Y,N,N,N,N,N,N,N,N,N,N,N,N,N,N,N,N,N,N,26.754916699,-80.108970161,588596.674295,2959600.626429,L,,ARBM15Q1R2,"February 28, 2022",1730030,-8917690.064924935,3092885.671262971
2017866214840,2017,866214840,20170004178,COUNTY SHERIFF'S OFFICE,04 FOURTH,PALM BEACH,"February 28, 2017",1536,WEDNESDAY,9394 WEST PALM BEACH,0694,Y,MERCER AVE,KENWOOD RD,0,E,0,0,26.693372,-80.068506,93000247,0.262,,,,I INTERSECTION,M MIDDLE,N NORTH,,05 LOCAL,02 INTERSECTION,01 ON ROADWAY,03 T-INTERSECTION,03 CURB,0,"December 31, 2000",,,,0,,0,,0,,,RCI,0,,,1 NO INJURY,33 Q/C VERIFIED AS OFF-SYSTEM,0 NO,02 AT INTERSECTION,01 DAYLIGHT,02 CLOUDY,01 DRY,01 LEVEL,1 STRAIGHT,"TWO-WAY, NOT DIVIDED","TWO-WAY, NOT DIVIDED",NO CONTROLS,NO CONTROLS,,NONE,NOT CODED,NOT CODED,NONE,NOT CODED,NOT CODED,14 MOTOR VEHICLE IN TRANSPORT,03 ANGLE,03 TURNING LEFT,FAILED TO YIELD RIGHT-OF-WAY,NO CONTRIBUTING ACTION,00 NOT CODED,00 NOT CODED,00 NOT CODED,00 NOT CODED,01 NO,0,0,0,0,2,0,2,2,N,N,N,Y,N,N,N,N,N,N,N,N,N,N,N,N,N,N,N,N,N,N,N,N,N,N,26.693375079,-80.068507331,592670.0131,2952812.8615,C,U,ARBM15Q1R2,"February 28, 2022",1730032,-8913185.761751505,3085215.5832124213
2017871043070,2017,871043070,FHPK17OFF095094,FLORIDA HIGHWAY PATROL,08 TURNPIKE,PALM BEACH,"December 18, 2017",1100,TUESDAY,9394 WEST PALM BEACH,0694,N,SR 91,SR 710,0.379,S,26.7941399,-80.13168,26.7892855,-80.1318674,93470000,32.528,01454,SR 91,,L LEFT,1 THRU LANE 1,S SOUTH,03 TOLL ROAD URBAN,06 TURNPIKE/TOLL,01 NON-JUNCTION,01 ON ROADWAY,01 NOT AT INTERSECTION,01 PAVED,36,"June 14, 2016",12 URBAN PRIN ART EXPR.,24,PAVED WARN,12,LAWN,12,,0,20,70700,RCI,13.7,,70,1 NO INJURY,31 Q/C COMPLETED - LOC VERIFIED,0 NO,01 NOT AT INTERSECTION/RRX/BRIDGE,01 DAYLIGHT,01 CLEAR,01 DRY,01 LEVEL,1 STRAIGHT,"TWO-WAY, DIVIDED, POSITIVE MED","TWO-WAY, DIVIDED, POSITIVE MED",NO CONTROLS,NO CONTROLS,4,NONE,NOT CODED,NOT CODED,NONE,NOT CODED,NOT CODED,07 THROWN OR FALLING OBJECT,77 OTHER (SEE NARRATIVE),01 STRAIGHT AHEAD,NO CONTRIBUTING ACTION,NO CONTRIBUTING ACTION,00 NOT CODED,00 NOT CODED,00 NOT CODED,00 NOT CODED,01 NO,0,0,0,0,3,0,3,6,N,N,Y,N,N,N,N,N,N,N,N,N,N,N,N,N,N,N,N,N,N,Y,Y,N,N,N,26.789104391,-80.132015528,586279.284242,2963371.529039,L,,ARBM15Q1R2,"February 28, 2022",1730051,-8920255.464346139,3097148.364084532