Crash Id,Calendar Year,FDOT Crash Number,Reporting Agency Case Number,Reporting Agency Type,FDOT Managing District,County Name,Crash Date,Crash Time,Day,DHSMV City,Crash Report City Code,In Town,On Roadway Name,Int Roadway Name,Reference Distance (Miles),Reference Direction,Officer Latitude,Officer Longitude,FDOT Latitude,FDOT Longitude,FDOT Roadway,Nearest Inventory MP,Nearest Node From Crash,State Road #,US Highway,Crash Side of Road,Accident Lane Number,Travel Direction Vehicle 1,FDOT Road Category,DHSMV Road System Id,Relation to Junction,Crash Harmful Event Location,Intersection Type,Shoulder Type,FDOT Roadway SKID Test Result,FDOT Roadway SKID Test Date,Functional Class,RCI Surface Width,RCI Shoulder Type First,RCI Shoulder Width First,RCI Shoulder Type Second,RCI Shoulder Width Second,RCI Shoulder Type Third,RCI Shoulder Width Third,RCI Median Width,Avg Daily Traffic,AADT Source,RCI Avg Per Truck Traffic,RCI Horiz Curve Condition,Posted Speed Limit,Highest Injury in Crash,CAR Status Code,Alcohols/Drug Involved,Site Location,Lighting,Weather,Road Surface,Roadway Grade,Roadway Alignment,Traffic Way Vehicle 1,Traffic Way Vehicle 2,Traffic Control Vehicle 1,Traffic Control Vehicle 2,Count of Lanes,Road Condition 1,Road Condition 2,Road Condition 3,Environment Condition 1,Environment Condition 2,Environment Condition 3,Crash Harmful Event,Manner of Collision,Vehicle Movement,Driver Action Vehicle 1,Driver Action Vehicle 2,Location Within Workzone,Type of Workzone,Workers Present in Workzone,Law Enforcement Present in Workzone,School Bus Related,Count of Nonfatal Injuries,Count of Traffic Fatalities,Count of Serious Injuries,Count of Pedestrians,Count of Drivers,Count of Bicyclists,Count of Vehicles,Count of Persons,Wrong Way,Workzone Inv,Commercial Vehicle Inv,Intersection Inv,Lane Departure,Speeding,Agressive Driving,Impaired Driver,Impaired Pedestrian,Impaired Bicyclist,Distracted Driver,Speeding or Aggressive Driving,Pedestrian Related,Bicyclist Related,Pedestrian or Bicyclist Related,Motorcycle Inv,No Belt,No Belt - Ages 1-4,No Belt - Ages 5-12,No Belt - Ages 13-17,Driver - Ages Teen,Driver - Ages 65 plus,Driver - Ages 65-69,Driver - Ages 70-74,Driver - Ages 75-79,Driver - Ages 80 plus,ARBM Latitude,ARBM Longitude,UTM Zone 17N X,UTM Zone 17N Y,ARBM Side of Road,Urban Rural Indicator,GIS Street Source,Extract Date,OBJECTID,x,y
2017873870440,2017,873870440,20170014922,COUNTY SHERIFF'S OFFICE,04 FOURTH,PALM BEACH,"August 3, 2017",2241,FRIDAY,9394 WEST PALM BEACH,0694,Y,QUADRILLE BLVD N,BANYAN BLVD,0,,0,0,26.7147092,-80.0549319,93020100,0.628,02397,SR 5,US 1,R RIGHT,1 THRU LANE 1,E EAST,11 URBAN 2-3LN 2WY DIVD PAVD,05 LOCAL,01 NON-JUNCTION,01 ON ROADWAY,02 FOUR-WAY INTERSECTION,01 PAVED,41,"June 13, 2016",17 URBAN MAJOR COLLECTOR,11,PAVED WARN,11,CURB&GUTTER,2,,0,12,12200,RCI,3.5,,30,1 NO INJURY,31 Q/C COMPLETED - LOC VERIFIED,0 NO,02 AT INTERSECTION,03 DAWN,01 CLEAR,01 DRY,01 LEVEL,1 STRAIGHT,"TWO-WAY, NOT DIVIDED","TWO-WAY, NOT DIVIDED",NO CONTROLS,NO CONTROLS,2,NONE,NOT CODED,NOT CODED,NONE,NOT CODED,NOT CODED,01 OVERTURN/ROLLOVER,03 ANGLE,03 TURNING LEFT,FAILED TO YIELD RIGHT-OF-WAY,NO CONTRIBUTING ACTION,00 NOT CODED,00 NOT CODED,00 NOT CODED,00 NOT CODED,01 NO,0,0,0,0,2,0,2,2,N,N,N,Y,N,N,N,N,N,N,N,N,N,N,N,N,N,N,N,N,N,N,N,N,N,N,26.714706656,-80.054959596,594000.374458,2955185.540176,C,,ARBM15Q1R2,"February 28, 2022",2033056,-8911677.63435398,3087873.7221708386
2017870194650,2017,870194650,20170007093,COUNTY SHERIFF'S OFFICE,04 FOURTH,PALM BEACH,"April 11, 2017",1837,WEDNESDAY,9394 WEST PALM BEACH,0694,Y,SR 809,CUMBERLAND DR,0.028,N,0,0,26.7492598,-80.1092213,93150000,4.932,03406,SR 809,,L LEFT,1 THRU LANE 1,0,30 URBAN 6+LN 2WY DIVD RASD,03 STATE,01 NON-JUNCTION,01 ON ROADWAY,01 NOT AT INTERSECTION,03 CURB,37,"May 2, 2017",14 URBAN PRIN ART OTHER,36,PAVED,4,CURB&GUTTER,2,,0,20,36500,RCI,4.1,,45,1 NO INJURY,31 Q/C COMPLETED - LOC VERIFIED,0 NO,03 INFLUENCED BY INTERSECTION,02 DUSK,01 CLEAR,01 DRY,00 NOT CODED,0 NOT CODED,NOT CODED,"TWO-WAY, DIVIDED, POSITIVE MED",NOT CODED,NO CONTROLS,6,NONE,NOT CODED,NOT CODED,NONE,NOT CODED,NOT CODED,14 MOTOR VEHICLE IN TRANSPORT,"04 SIDESWIPE, SAME DIRECTION",00 NOT CODED,NOT CODED,NO CONTRIBUTING ACTION,00 NOT CODED,00 NOT CODED,00 NOT CODED,00 NOT CODED,01 NO,0,0,0,0,1,0,2,1,N,N,N,Y,N,N,N,N,N,N,N,N,N,N,N,N,N,N,N,N,N,N,N,N,N,N,26.749307674,-80.109364361,588561.823875,2958979.077757,L,,ARBM15Q1R2,"February 28, 2022",2033093,-8917733.94702257,3092186.4324545315
2017873871470,2017,873871470,20170015361,COUNTY SHERIFF'S OFFICE,04 FOURTH,PALM BEACH,"August 10, 2017",1156,FRIDAY,9394 WEST PALM BEACH,0694,Y,VILLAGE BLVD,CUMBERLAND DR,0.123,S,0,0,26.743724,-80.091033,93577000,3.033,,,,M MEDIAN,M MIDDLE,N NORTH,,05 LOCAL,01 NON-JUNCTION,04 MEDIAN,01 NOT AT INTERSECTION,03 CURB,0,"December 31, 2000",,,,0,,0,,0,,,RCI,0,,,4 INCAPACITATING INJURY,33 Q/C VERIFIED AS OFF-SYSTEM,0 NO,01 NOT AT INTERSECTION/RRX/BRIDGE,01 DAYLIGHT,01 CLEAR,01 DRY,01 LEVEL,1 STRAIGHT,"TWO-WAY, DIVIDED, POSITIVE MED",,NO CONTROLS,NOT CODED,,NONE,NOT CODED,NOT CODED,NONE,NOT CODED,NOT CODED,24 CURB,77 OTHER (SEE NARRATIVE),16 LEAVING TRAFFIC LANE,RAN OFF ROADWAY,NOT CODED,00 NOT CODED,00 NOT CODED,00 NOT CODED,00 NOT CODED,01 NO,1,0,1,0,1,0,1,1,N,N,N,N,Y,N,N,N,N,N,N,N,N,N,N,N,N,N,N,N,N,N,N,N,N,N,26.743723989,-80.091032731,590389.166537,2958373.495002,R,U,ARBM15Q1R2,"February 28, 2022",2033555,-8915693.278724179,3091490.386722954
2017873881390,2017,873881390,20170019102,COUNTY SHERIFF'S OFFICE,04 FOURTH,PALM BEACH,"October 8, 2017",1540,MONDAY,9394 WEST PALM BEACH,0694,Y,35TH ST,SPRUCE AVE,0.048,W,0,0,26.744956,-80.055359,93A32000,0.032,,,,R RIGHT,P PARKING,N NORTH,,05 LOCAL,01 NON-JUNCTION,01 ON ROADWAY,01 NOT AT INTERSECTION,03 CURB,0,"December 31, 2000",,,,0,,0,,0,,,RCI,0,,,0 UNKNOWN/NOT CODED,33 Q/C VERIFIED AS OFF-SYSTEM,0 NO,01 NOT AT INTERSECTION/RRX/BRIDGE,01 DAYLIGHT,01 CLEAR,01 DRY,01 LEVEL,1 STRAIGHT,"TWO-WAY, NOT DIVIDED","TWO-WAY, NOT DIVIDED",NO CONTROLS,NO CONTROLS,,NONE,NOT CODED,NOT CODED,NONE,NOT CODED,NOT CODED,14 MOTOR VEHICLE IN TRANSPORT,01 FRONT TO REAR,04 BACKING,NOT CODED,NOT CODED,00 NOT CODED,00 NOT CODED,00 NOT CODED,00 NOT CODED,01 NO,0,0,0,0,0,0,2,0,N,N,N,N,Y,N,N,N,N,N,N,N,N,N,N,N,N,N,N,N,N,N,N,N,N,N,26.744953107,-80.055359083,593935.790233,2958535.463281,C,U,ARBM15Q1R2,"February 28, 2022",2033964,-8911722.105248254,3091643.6022188826
2017873884050,2017,873884050,20170019983,COUNTY SHERIFF'S OFFICE,04 FOURTH,PALM BEACH,"October 24, 2017",0757,WEDNESDAY,9394 WEST PALM BEACH,0694,Y,FOREST HILL BLVD,FOREST CT,0.024,E,0,0,26.6553838,-80.066679,93016000,8.568,02425,SR 882,,R RIGHT,1 THRU LANE 1,W WEST,21 URBAN 4-5LN 2WY DIVD PAVD,05 LOCAL,01 NON-JUNCTION,01 ON ROADWAY,01 NOT AT INTERSECTION,03 CURB,36,"June 1, 2015",16 URBAN MINOR ART,17,PAVED,1,RAISED CURB,0,,0,11,30500,RCI,1.9,,35,3 NO-INCAPACITATING INJURY,31 Q/C COMPLETED - LOC VERIFIED,0 NO,03 INFLUENCED BY INTERSECTION,01 DAYLIGHT,02 CLOUDY,01 DRY,01 LEVEL,1 STRAIGHT,"TWO-WAY, DIVIDED, UNPROTECTED","TWO-WAY, DIVIDED, UNPROTECTED",NO CONTROLS,NO CONTROLS,4,NONE,NOT CODED,NOT CODED,NONE,NOT CODED,NOT CODED,14 MOTOR VEHICLE IN TRANSPORT,01 FRONT TO REAR,01 STRAIGHT AHEAD,FOLLOWED TOO CLOSELY,NO CONTRIBUTING ACTION,00 NOT CODED,00 NOT CODED,00 NOT CODED,00 NOT CODED,01 NO,1,0,0,0,3,0,3,5,N,N,N,Y,N,N,N,N,N,N,N,N,N,N,N,N,N,N,N,N,N,N,N,N,N,N,26.655367798,-80.066675074,592883.09352,2948604.396262,C,,ARBM15Q1R2,"February 28, 2022",2033965,-8912981.79574756,3080480.708840736
2017875790820,2017,875790820,20170022929,COUNTY SHERIFF'S OFFICE,04 FOURTH,PALM BEACH,"December 11, 2017",1629,TUESDAY,9394 WEST PALM BEACH,0694,Y,US 1,PALM BEACH LAKES BLVD,0,,0,0,26.7244003,-80.0519363,93020000,9.137,04510,SR 5,,L LEFT,2 THRU LANE 2,N NORTH,12 URBAN 2-3LN 2WY UNDIVD,03 STATE,02 INTERSECTION,01 ON ROADWAY,02 FOUR-WAY INTERSECTION,03 CURB,40,"June 5, 2011",17 URBAN MAJOR COLLECTOR,21,CURB&GUTTER,2,,0,,0,,2050,RCI,4,,30,2 POSSIBLE INJURY,31 Q/C COMPLETED - LOC VERIFIED,0 NO,02 AT INTERSECTION,01 DAYLIGHT,01 CLEAR,01 DRY,01 LEVEL,1 STRAIGHT,"TWO-WAY, NOT DIVIDED","TWO-WAY, NOT DIVIDED",TRAFFIC CONTROL SIGNAL,TRAFFIC CONTROL SIGNAL,2,NONE,NOT CODED,NOT CODED,NONE,NOT CODED,NOT CODED,14 MOTOR VEHICLE IN TRANSPORT,01 FRONT TO REAR,03 TURNING LEFT,OPERATED MV IN CARLESS OR NEGL,NO CONTRIBUTING ACTION,00 NOT CODED,00 NOT CODED,00 NOT CODED,00 NOT CODED,01 NO,2,0,0,0,2,0,2,3,N,N,N,Y,N,N,N,N,N,N,N,N,N,N,N,N,N,N,N,N,N,N,N,N,N,N,26.724410956,-80.05178743,594307.918633,2956262.77017,C,,ARBM15Q1R2,"February 28, 2022",2033981,-8911324.51053335,3089083.1448461483
2017873867960,2017,873867960,20170013986,COUNTY SHERIFF'S OFFICE,04 FOURTH,PALM BEACH,"July 20, 2017",1410,FRIDAY,9394 WEST PALM BEACH,0694,Y,SOUTHERN BLVD,LAKE AVE,0,,0,0,26.6758635,-80.0610916,93120000,20.489,00375,SR 80,US 98,R RIGHT,2 THRU LANE 2,N NORTH,21 URBAN 4-5LN 2WY DIVD PAVD,03 STATE,03 INTERSECTION-RELATED,01 ON ROADWAY,02 FOUR-WAY INTERSECTION,03 CURB,40,"June 1, 2015",14 URBAN PRIN ART OTHER,22,RAISED CURB,0,,0,,0,12,22000,RCI,3.9,,35,3 NO-INCAPACITATING INJURY,31 Q/C COMPLETED - LOC VERIFIED,0 NO,02 AT INTERSECTION,01 DAYLIGHT,03 RAIN,02 WET,01 LEVEL,1 STRAIGHT,"TWO-WAY, NOT DIVIDED","TWO-WAY, NOT DIVIDED",TRAFFIC CONTROL SIGNAL,TRAFFIC CONTROL SIGNAL,4,NONE,NONE,NOT CODED,NONE,NONE,NOT CODED,14 MOTOR VEHICLE IN TRANSPORT,03 ANGLE,05 TURNING RIGHT,OPERATED MV IN CARLESS OR NEGL,NO CONTRIBUTING ACTION,00 NOT CODED,00 NOT CODED,00 NOT CODED,00 NOT CODED,01 NO,3,0,0,0,3,0,3,6,N,N,N,Y,N,N,N,N,N,N,N,N,N,N,N,N,N,N,N,N,N,N,N,N,N,N,26.675851279,-80.061240821,593407.247106,2950877.170348,C,,ARBM15Q1R2,"February 28, 2022",2034117,-8912376.857287433,3083032.3056014017
2017873873270,2017,873873270,20170016058,COUNTY SHERIFF'S OFFICE,04 FOURTH,PALM BEACH,"August 20, 2017",1120,MONDAY,9394 WEST PALM BEACH,0694,Y,OKEECHOBEE BLVD,PALM BEACH LAKES BLVD,0.057,W,0,0,26.706704,-80.1011755,93280000,6.153,03983,SR 704,,R RIGHT,1 THRU LANE 1,W WEST,30 URBAN 6+LN 2WY DIVD RASD,05 LOCAL,01 NON-JUNCTION,01 ON ROADWAY,01 NOT AT INTERSECTION,01 PAVED,34,"May 2, 2017",14 URBAN PRIN ART OTHER,33,PAVED,3,CURB&GUTTER,2,,0,30,72500,RCI,2.3,,45,1 NO INJURY,31 Q/C COMPLETED - LOC VERIFIED,0 NO,01 NOT AT INTERSECTION/RRX/BRIDGE,01 DAYLIGHT,01 CLEAR,01 DRY,01 LEVEL,1 STRAIGHT,"TWO-WAY, DIVIDED, POSITIVE MED","TWO-WAY, DIVIDED, POSITIVE MED",NO CONTROLS,NO CONTROLS,7,NONE,NOT CODED,NOT CODED,NONE,NOT CODED,NOT CODED,14 MOTOR VEHICLE IN TRANSPORT,01 FRONT TO REAR,01 STRAIGHT AHEAD,FOLLOWED TOO CLOSELY,NO CONTRIBUTING ACTION,00 NOT CODED,00 NOT CODED,00 NOT CODED,00 NOT CODED,01 NO,0,0,0,0,2,0,2,2,N,N,N,N,N,N,N,N,N,N,Y,N,N,N,N,N,N,N,N,N,N,N,N,N,N,N,26.706654759,-80.101268166,589400.253942,2954260.367156,R,,ARBM15Q1R2,"February 28, 2022",2034153,-8916832.682385402,3086870.3125253394
2017875784950,2017,875784950,20170020978,COUNTY SHERIFF'S OFFICE,04 FOURTH,PALM BEACH,"November 8, 2017",1613,THURSDAY,9394 WEST PALM BEACH,0694,Y,N TAMARIND AVE,10TH ST,0,N,0,0,26.722701,-80.061757,93027501,2.225,,,,L LEFT,1 THRU LANE 1,0,,05 LOCAL,02 INTERSECTION,01 ON ROADWAY,02 FOUR-WAY INTERSECTION,03 CURB,0,"December 31, 2000",,,,0,,0,,0,,,RCI,0,,,1 NO INJURY,33 Q/C VERIFIED AS OFF-SYSTEM,0 NO,02 AT INTERSECTION,01 DAYLIGHT,02 CLOUDY,01 DRY,00 NOT CODED,0 NOT CODED,NOT CODED,"TWO-WAY, NOT DIVIDED",NOT CODED,NO CONTROLS,,NONE,NOT CODED,NOT CODED,NONE,NOT CODED,NOT CODED,14 MOTOR VEHICLE IN TRANSPORT,01 FRONT TO REAR,00 NOT CODED,NOT CODED,NO CONTRIBUTING ACTION,00 NOT CODED,00 NOT CODED,00 NOT CODED,00 NOT CODED,01 NO,0,0,0,0,1,0,2,1,N,N,N,Y,N,N,N,N,N,N,N,N,N,N,N,N,N,N,N,N,N,N,N,N,N,N,26.722701001,-80.061757036,593317.696756,2956066.027392,C,U,ARBM15Q1R2,"February 28, 2022",2034176,-8912434.322189158,3088870.029941258
2017870209840,2017,870209840,20170012730,COUNTY SHERIFF'S OFFICE,04 FOURTH,PALM BEACH,"June 30, 2017",1233,SATURDAY,9394 WEST PALM BEACH,0694,Y,OKEECHOBEE BLVD,GRANDE BLVD,0,,0,0,26.7087504,-80.1823066,93280000,1.141,02498,SR 704,,L LEFT,L LEFT TURN,W WEST,30 URBAN 6+LN 2WY DIVD RASD,03 STATE,02 INTERSECTION,01 ON ROADWAY,02 FOUR-WAY INTERSECTION,03 CURB,41,"May 2, 2017",14 URBAN PRIN ART OTHER,48,PAVED,5,CURB&GUTTER,2,,0,36,53000,RCI,4,,50,3 NO-INCAPACITATING INJURY,31 Q/C COMPLETED - LOC VERIFIED,0 NO,02 AT INTERSECTION,01 DAYLIGHT,01 CLEAR,01 DRY,01 LEVEL,1 STRAIGHT,"TWO-WAY, DIVIDED, POSITIVE MED","TWO-WAY, NOT DIVIDED",TRAFFIC CONTROL SIGNAL,NO CONTROLS,8,NONE,NOT CODED,NOT CODED,NONE,NOT CODED,NOT CODED,14 MOTOR VEHICLE IN TRANSPORT,03 ANGLE,01 STRAIGHT AHEAD,RAN RED LIGHT,NO CONTRIBUTING ACTION,00 NOT CODED,00 NOT CODED,00 NOT CODED,00 NOT CODED,01 NO,4,0,0,0,3,0,3,4,N,N,N,Y,N,N,N,N,N,N,N,N,N,N,N,N,N,N,N,N,N,Y,N,N,Y,N,26.708945077,-80.182466862,581321.140243,2954459.671417,L,,ARBM15Q1R2,"February 28, 2022",2034319,-8925871.682561712,3087155.719420965
2017870209920,2017,870209920,20170012767,COUNTY SHERIFF'S OFFICE,04 FOURTH,PALM BEACH,"July 1, 2017",0952,SUNDAY,9394 WEST PALM BEACH,0694,Y,AUSTRALIAN AVE,BELVEDERE RD,0.028,S,0,0,26.690393,-80.075032,93650000,1.035,,,,L LEFT,3 THRU LANE 3,S SOUTH,,05 LOCAL,01 NON-JUNCTION,01 ON ROADWAY,01 NOT AT INTERSECTION,01 PAVED,0,"December 31, 2000",,,,0,,0,,0,,,RCI,0,,,1 NO INJURY,33 Q/C VERIFIED AS OFF-SYSTEM,0 NO,03 INFLUENCED BY INTERSECTION,01 DAYLIGHT,02 CLOUDY,01 DRY,01 LEVEL,1 STRAIGHT,"TWO-WAY, DIVIDED, POSITIVE MED","TWO-WAY, DIVIDED, POSITIVE MED",NO CONTROLS,NO CONTROLS,,NONE,NOT CODED,NOT CODED,NONE,NOT CODED,NOT CODED,14 MOTOR VEHICLE IN TRANSPORT,"04 SIDESWIPE, SAME DIRECTION",06 CHANGING LANES,OTHER CONTRIBUTING ACTION,NO CONTRIBUTING ACTION,00 NOT CODED,00 NOT CODED,00 NOT CODED,00 NOT CODED,01 NO,0,0,0,0,2,0,2,3,N,N,Y,Y,N,N,N,N,N,N,N,N,N,N,N,N,N,N,N,N,N,N,N,N,N,N,26.69039301,-80.075032974,592023.167654,2952477.833184,L,U,ARBM15Q1R2,"February 28, 2022",2034320,-8913912.193209862,3084844.025751562
2017870203570,2017,870203570,20170010367,COUNTY SHERIFF'S OFFICE,04 FOURTH,PALM BEACH,"May 27, 2017",0755,SUNDAY,9394 WEST PALM BEACH,0694,Y,I 95,FOREST HILL BLVD,0,,0,0,26.6554449,-80.0702743,93220051,0.18,03831,SR 9,I 95,L LEFT,X RAMP,W WEST,07 RAMP URBAN,03 STATE,02 INTERSECTION,01 ON ROADWAY,02 FOUR-WAY INTERSECTION,03 CURB,0,"December 31, 2000",,12,PAVED,9,LAWN,12,,0,,14000,RCI,3,,,1 NO INJURY,31 Q/C COMPLETED - LOC VERIFIED,0 NO,08 EXIT RAMP,01 DAYLIGHT,01 CLEAR,01 DRY,01 LEVEL,1 STRAIGHT,"TWO-WAY, DIVIDED, POSITIVE MED","TWO-WAY, DIVIDED, POSITIVE MED",NO CONTROLS,NO CONTROLS,1,NONE,NONE,NONE,NONE,NONE,NONE,14 MOTOR VEHICLE IN TRANSPORT,03 ANGLE,01 STRAIGHT AHEAD,NO CONTRIBUTING ACTION,RAN RED LIGHT,00 NOT CODED,00 NOT CODED,00 NOT CODED,00 NOT CODED,01 NO,0,0,0,0,2,0,2,2,N,N,N,N,N,N,N,N,N,N,N,N,N,N,N,N,N,N,N,N,N,N,N,N,N,N,26.655437255,-80.070264381,592525.8162,2948609.4838,O,,ARBM15Q1R2,"February 28, 2022",2034353,-8913381.35563627,3080489.3602218623
2017866219010,2017,866219010,20170005495,COUNTY SHERIFF'S OFFICE,04 FOURTH,PALM BEACH,"March 19, 2017",1338,MONDAY,9394 WEST PALM BEACH,0694,Y,N CONGRESS AVE,EXECUTIVE CENTER DR,0.142,N,0,0,26.717756,-80.081106,93250500,1.932,,,,L LEFT,1 THRU LANE 1,0,,04 COUNTY,01 NON-JUNCTION,01 ON ROADWAY,01 NOT AT INTERSECTION,03 CURB,0,"December 31, 2000",,,,0,,0,,0,,,RCI,0,,,1 NO INJURY,33 Q/C VERIFIED AS OFF-SYSTEM,0 NO,01 NOT AT INTERSECTION/RRX/BRIDGE,01 DAYLIGHT,01 CLEAR,01 DRY,00 NOT CODED,0 NOT CODED,NOT CODED,"TWO-WAY, NOT DIVIDED",NOT CODED,NO CONTROLS,,NONE,NOT CODED,NOT CODED,NONE,NOT CODED,NOT CODED,14 MOTOR VEHICLE IN TRANSPORT,01 FRONT TO REAR,00 NOT CODED,NOT CODED,NO CONTRIBUTING ACTION,00 NOT CODED,00 NOT CODED,00 NOT CODED,00 NOT CODED,01 NO,0,0,0,0,1,0,2,1,N,N,N,N,N,N,N,N,N,N,N,N,N,N,N,N,N,N,N,N,N,N,N,N,N,N,26.717756,-80.081107327,591396.965806,2955504.274761,C,U,ARBM15Q1R2,"February 28, 2022",2034510,-8914588.387360115,3088253.74311125
2017875793430,2017,875793430,20170023822,COUNTY SHERIFF'S OFFICE,04 FOURTH,PALM BEACH,"December 27, 2017",0034,THURSDAY,9394 WEST PALM BEACH,0694,Y,WARE DR,CONGRESS AVE,0.108,E,0,0,26.708984,-80.084701,93A11509,0.605,,,,R RIGHT,1 THRU LANE 1,E EAST,,05 LOCAL,01 NON-JUNCTION,01 ON ROADWAY,01 NOT AT INTERSECTION,01 PAVED,0,"December 31, 2000",,,,0,,0,,0,,,RCI,0,,,0 UNKNOWN/NOT CODED,33 Q/C VERIFIED AS OFF-SYSTEM,0 NO,01 NOT AT INTERSECTION/RRX/BRIDGE,04 DARK-LIGHTED,01 CLEAR,01 DRY,00 NOT CODED,0 NOT CODED,NOT CODED,"TWO-WAY, NOT DIVIDED",NOT CODED,NO CONTROLS,,NONE,NOT CODED,NOT CODED,NONE,NOT CODED,NOT CODED,15 PARKED MOTOR VEHICLE,"04 SIDESWIPE, SAME DIRECTION",00 NOT CODED,NOT CODED,NOT CODED,00 NOT CODED,00 NOT CODED,00 NOT CODED,00 NOT CODED,01 NO,0,0,0,0,0,0,2,0,N,N,N,N,Y,N,N,N,N,N,N,N,N,N,N,N,N,N,N,N,N,N,N,N,N,N,26.708982575,-80.084701042,591046.48047,2954529.929618,C,U,ARBM15Q1R2,"February 28, 2022",2034539,-8914988.437926428,3087160.3925050413
2017873865410,2017,873865410,20170012981,COUNTY SHERIFF'S OFFICE,04 FOURTH,PALM BEACH,"July 4, 2017",1429,WEDNESDAY,9394 WEST PALM BEACH,0694,Y,LAKE AVE,HIGHLAND DR,0,E,0,0,26.662618,-80.061757,93000042,0.51,,,,I INTERSECTION,M MIDDLE,S SOUTH,,05 LOCAL,02 INTERSECTION,02 OFF ROADWAY,03 T-INTERSECTION,03 CURB,0,"December 31, 2000",,,,0,,0,,0,,,RCI,0,,,1 NO INJURY,33 Q/C VERIFIED AS OFF-SYSTEM,0 NO,02 AT INTERSECTION,01 DAYLIGHT,01 CLEAR,01 DRY,01 LEVEL,1 STRAIGHT,"TWO-WAY, NOT DIVIDED",,STOP SIGN,NOT CODED,,NONE,NOT CODED,NOT CODED,NONE,NOT CODED,NOT CODED,33 UTILITY POLE/LIGHT SUPPORT,77 OTHER (SEE NARRATIVE),05 TURNING RIGHT,OPERATED MV IN CARLESS OR NEGL,NOT CODED,00 NOT CODED,00 NOT CODED,00 NOT CODED,00 NOT CODED,01 NO,0,0,0,0,1,0,1,1,N,N,Y,Y,N,N,N,N,N,N,N,N,N,N,N,N,N,N,N,N,N,Y,N,Y,N,N,26.662618007,-80.061757125,593366.645885,2949411.036281,C,U,ARBM15Q1R2,"February 28, 2022",2034681,-8912434.331947478,3081383.804237143
2017873869290,2017,873869290,20170014531,COUNTY SHERIFF'S OFFICE,04 FOURTH,PALM BEACH,"July 28, 2017",1749,SATURDAY,9394 WEST PALM BEACH,0694,Y,DREHER TRL N,SUMMIT BLVD,0.043,N,0,0,26.666508,-80.068415,93A12822,0.681,,,,L LEFT,S SIDE OF ROAD,S SOUTH,,05 LOCAL,01 NON-JUNCTION,03 SHOULDER,01 NOT AT INTERSECTION,02 UNPAVED,0,"December 31, 2000",,,,0,,0,,0,,,RCI,0,,,1 NO INJURY,33 Q/C VERIFIED AS OFF-SYSTEM,0 NO,01 NOT AT INTERSECTION/RRX/BRIDGE,01 DAYLIGHT,02 CLOUDY,01 DRY,01 LEVEL,3 CURVE LEFT,"TWO-WAY, NOT DIVIDED",,NO CONTROLS,NOT CODED,,NONE,NOT CODED,NOT CODED,NONE,NOT CODED,NOT CODED,37 FENCE,03 ANGLE,01 STRAIGHT AHEAD,RAN OFF ROADWAY,NOT CODED,00 NOT CODED,00 NOT CODED,00 NOT CODED,00 NOT CODED,01 NO,0,0,0,0,1,0,1,1,N,N,N,N,Y,N,N,N,N,N,Y,N,N,N,N,N,N,N,N,N,N,N,N,N,N,N,26.666508335,-80.068416248,592700.801993,2949837.086958,C,U,ARBM15Q1R2,"February 28, 2022",2034698,-8913175.622387547,3081868.4122673976
2017873869340,2017,873869340,20170014542,COUNTY SHERIFF'S OFFICE,04 FOURTH,PALM BEACH,"July 28, 2017",2053,SATURDAY,9394 WEST PALM BEACH,0694,Y,S OLIVE AVE,FOREST HILL BLVD,0,E,0,0,26.654955,-80.051911,93020000,4.349,,,,I INTERSECTION,M MIDDLE,N NORTH,,03 STATE,02 INTERSECTION,01 ON ROADWAY,02 FOUR-WAY INTERSECTION,03 CURB,0,"December 31, 2000",,,,0,,0,,0,,,RCI,0,,,1 NO INJURY,33 Q/C VERIFIED AS OFF-SYSTEM,0 NO,02 AT INTERSECTION,04 DARK-LIGHTED,01 CLEAR,01 DRY,00 NOT CODED,0 NOT CODED,NOT CODED,"TWO-WAY, NOT DIVIDED",NOT CODED,TRAFFIC CONTROL SIGNAL,,NONE,NOT CODED,NOT CODED,NONE,NOT CODED,NOT CODED,14 MOTOR VEHICLE IN TRANSPORT,03 ANGLE,00 NOT CODED,NOT CODED,NO CONTRIBUTING ACTION,00 NOT CODED,00 NOT CODED,00 NOT CODED,00 NOT CODED,01 NO,0,0,0,0,1,0,2,3,N,N,N,Y,N,N,N,N,N,N,N,N,N,N,N,N,N,N,N,N,N,N,N,N,N,N,26.654955088,-80.051907337,594353.176,2948569.51,C,U,ARBM15Q1R2,"February 28, 2022",2034699,-8911337.85825398,3080429.3029097607