Crash Id,Calendar Year,FDOT Crash Number,Reporting Agency Case Number,Reporting Agency Type,FDOT Managing District,County Name,Crash Date,Crash Time,Day,DHSMV City,Crash Report City Code,In Town,On Roadway Name,Int Roadway Name,Reference Distance (Miles),Reference Direction,Officer Latitude,Officer Longitude,FDOT Latitude,FDOT Longitude,FDOT Roadway,Nearest Inventory MP,Nearest Node From Crash,State Road #,US Highway,Crash Side of Road,Accident Lane Number,Travel Direction Vehicle 1,FDOT Road Category,DHSMV Road System Id,Relation to Junction,Crash Harmful Event Location,Intersection Type,Shoulder Type,FDOT Roadway SKID Test Result,FDOT Roadway SKID Test Date,Functional Class,RCI Surface Width,RCI Shoulder Type First,RCI Shoulder Width First,RCI Shoulder Type Second,RCI Shoulder Width Second,RCI Shoulder Type Third,RCI Shoulder Width Third,RCI Median Width,Avg Daily Traffic,AADT Source,RCI Avg Per Truck Traffic,RCI Horiz Curve Condition,Posted Speed Limit,Highest Injury in Crash,CAR Status Code,Alcohols/Drug Involved,Site Location,Lighting,Weather,Road Surface,Roadway Grade,Roadway Alignment,Traffic Way Vehicle 1,Traffic Way Vehicle 2,Traffic Control Vehicle 1,Traffic Control Vehicle 2,Count of Lanes,Road Condition 1,Road Condition 2,Road Condition 3,Environment Condition 1,Environment Condition 2,Environment Condition 3,Crash Harmful Event,Manner of Collision,Vehicle Movement,Driver Action Vehicle 1,Driver Action Vehicle 2,Location Within Workzone,Type of Workzone,Workers Present in Workzone,Law Enforcement Present in Workzone,School Bus Related,Count of Nonfatal Injuries,Count of Traffic Fatalities,Count of Serious Injuries,Count of Pedestrians,Count of Drivers,Count of Bicyclists,Count of Vehicles,Count of Persons,Wrong Way,Workzone Inv,Commercial Vehicle Inv,Intersection Inv,Lane Departure,Speeding,Agressive Driving,Impaired Driver,Impaired Pedestrian,Impaired Bicyclist,Distracted Driver,Speeding or Aggressive Driving,Pedestrian Related,Bicyclist Related,Pedestrian or Bicyclist Related,Motorcycle Inv,No Belt,No Belt - Ages 1-4,No Belt - Ages 5-12,No Belt - Ages 13-17,Driver - Ages Teen,Driver - Ages 65 plus,Driver - Ages 65-69,Driver - Ages 70-74,Driver - Ages 75-79,Driver - Ages 80 plus,ARBM Latitude,ARBM Longitude,UTM Zone 17N X,UTM Zone 17N Y,ARBM Side of Road,Urban Rural Indicator,GIS Street Source,Extract Date,OBJECTID,x,y
2017873879530,2017,873879530,20170018358,COUNTY SHERIFF'S OFFICE,04 FOURTH,PALM BEACH,"September 26, 2017",1804,WEDNESDAY,9394 WEST PALM BEACH,0694,Y,DIXIE HWY S,ALHAMBRA PL,0.057,N,0,0,26.6492405,-80.0561966,93050000,4.008,00089,SR 805,US 1,L LEFT,2 THRU LANE 2,0,21 URBAN 4-5LN 2WY DIVD PAVD,02 U.S.,04 DRIVEWAY/ALLEY ACCESS RELATED,01 ON ROADWAY,01 NOT AT INTERSECTION,03 CURB,35,"May 1, 2017",16 URBAN MINOR ART,22,CURB&GUTTER,2,,0,,0,12,24000,RCI,2.6,,35,1 NO INJURY,31 Q/C COMPLETED - LOC VERIFIED,0 NO,01 NOT AT INTERSECTION/RRX/BRIDGE,01 DAYLIGHT,02 CLOUDY,02 WET,00 NOT CODED,0 NOT CODED,"TWO-WAY, NOT DIVIDED","TWO-WAY, NOT DIVIDED",NOT CODED,NO CONTROLS,4,NONE,NOT CODED,NOT CODED,NONE,NOT CODED,NOT CODED,14 MOTOR VEHICLE IN TRANSPORT,03 ANGLE,00 NOT CODED,NOT CODED,NO CONTRIBUTING ACTION,00 NOT CODED,00 NOT CODED,00 NOT CODED,00 NOT CODED,01 NO,0,0,0,0,1,0,2,1,N,N,N,N,N,N,N,N,N,N,N,N,N,N,N,N,N,N,N,N,N,N,N,N,N,N,26.649197475,-80.056215103,593929.160891,2947928.605048,C,,ARBM15Q1R2,"February 28, 2022",2058376,-8911817.39667932,3079712.1706272187
2017873874720,2017,873874720,20170016661,COUNTY SHERIFF'S OFFICE,04 FOURTH,PALM BEACH,"August 29, 2017",0828,WEDNESDAY,9394 WEST PALM BEACH,0694,Y,NORTHLAKE BLVD,BEELINE HWY,0.106,W,0,0,26.811197,-80.185272,93680500,1.668,,,,R RIGHT,2 THRU LANE 2,E EAST,,04 COUNTY,01 NON-JUNCTION,01 ON ROADWAY,01 NOT AT INTERSECTION,02 UNPAVED,0,"December 31, 2000",,,,0,,0,,0,,,RCI,0,,,3 NO-INCAPACITATING INJURY,33 Q/C VERIFIED AS OFF-SYSTEM,0 NO,01 NOT AT INTERSECTION/RRX/BRIDGE,01 DAYLIGHT,01 CLEAR,01 DRY,01 LEVEL,1 STRAIGHT,"TWO-WAY, DIVIDED, UNPROTECTED","TWO-WAY, DIVIDED, UNPROTECTED",NO CONTROLS,NO CONTROLS,,NONE,NOT CODED,NOT CODED,NONE,NOT CODED,NOT CODED,14 MOTOR VEHICLE IN TRANSPORT,01 FRONT TO REAR,01 STRAIGHT AHEAD,FOLLOWED TOO CLOSELY,NO CONTRIBUTING ACTION,00 NOT CODED,00 NOT CODED,00 NOT CODED,00 NOT CODED,01 NO,1,0,0,0,3,0,3,3,N,N,Y,N,N,N,N,N,N,N,N,N,N,N,N,N,N,N,N,N,N,N,N,N,N,N,26.811195081,-80.185272071,580969.575046,2965783.314266,R,R,ARBM15Q1R2,"February 28, 2022",2058378,-8926183.957442986,3099903.4249312133
2017873877440,2017,873877440,20170017593,COUNTY SHERIFF'S OFFICE,04 FOURTH,PALM BEACH,"September 14, 2017",1242,FRIDAY,9394 WEST PALM BEACH,0694,Y,PALM BEACH LAKES BLVD,N ROBBINS DR,0.095,E,0,0,26.717208,-80.091214,93014500,0.934,,,,L LEFT,2 THRU LANE 2,0,,05 LOCAL,01 NON-JUNCTION,01 ON ROADWAY,01 NOT AT INTERSECTION,03 CURB,0,"December 31, 2000",,,,0,,0,,0,,,RCI,0,,,1 NO INJURY,33 Q/C VERIFIED AS OFF-SYSTEM,0 NO,01 NOT AT INTERSECTION/RRX/BRIDGE,01 DAYLIGHT,02 CLOUDY,01 DRY,00 NOT CODED,0 NOT CODED,NOT CODED,"TWO-WAY, DIVIDED, POSITIVE MED",NOT CODED,NO CONTROLS,,NONE,NOT CODED,NOT CODED,NONE,NOT CODED,NOT CODED,14 MOTOR VEHICLE IN TRANSPORT,01 FRONT TO REAR,00 NOT CODED,NOT CODED,NO CONTRIBUTING ACTION,00 NOT CODED,00 NOT CODED,00 NOT CODED,00 NOT CODED,01 NO,0,0,0,0,1,0,2,2,N,N,N,N,N,N,N,N,N,N,N,N,N,N,N,N,N,N,N,N,N,Y,N,N,Y,N,26.717207312,-80.091213036,590392.191663,2955436.291557,L,U,ARBM15Q1R2,"February 28, 2022",2058379,-8915713.35001694,3088185.36271222
2017873869190,2017,873869190,20170014488,COUNTY SHERIFF'S OFFICE,04 FOURTH,PALM BEACH,"July 28, 2017",0115,SATURDAY,9394 WEST PALM BEACH,0694,Y,13TH ST,N AUSTRALIAN AVE,0,E,0,0,26.725724,-80.066526,93A11128,1.071,,,,I INTERSECTION,M MIDDLE,E EAST,,05 LOCAL,02 INTERSECTION,01 ON ROADWAY,03 T-INTERSECTION,02 UNPAVED,0,"December 31, 2000",,,,0,,0,,0,,,RCI,0,,,2 POSSIBLE INJURY,33 Q/C VERIFIED AS OFF-SYSTEM,0 NO,02 AT INTERSECTION,04 DARK-LIGHTED,02 CLOUDY,01 DRY,01 LEVEL,1 STRAIGHT,"TWO-WAY, DIVIDED, POSITIVE MED","TWO-WAY, DIVIDED, POSITIVE MED",NO CONTROLS,NO CONTROLS,,NONE,NOT CODED,NOT CODED,NONE,NOT CODED,NOT CODED,14 MOTOR VEHICLE IN TRANSPORT,01 FRONT TO REAR,01 STRAIGHT AHEAD,NOT CODED,NO CONTRIBUTING ACTION,00 NOT CODED,00 NOT CODED,00 NOT CODED,00 NOT CODED,01 NO,1,0,0,0,1,0,2,1,N,N,N,Y,N,N,N,N,N,N,N,N,N,N,N,N,N,N,N,N,N,N,N,N,N,N,26.725725026,-80.066525959,592840.899946,2956397.495258,C,U,ARBM15Q1R2,"February 28, 2022",2058380,-8912965.196496401,3089246.9220473394
2017873882280,2017,873882280,20170019377,COUNTY SHERIFF'S OFFICE,04 FOURTH,PALM BEACH,"October 12, 2017",2334,FRIDAY,9394 WEST PALM BEACH,0694,Y,PALM BEACH LAKES BLVD,N ROBBINS DR,0,E,0,0,26.716135,-80.092165,93014500,0.839,,,,I INTERSECTION,M MIDDLE,W WEST,,05 LOCAL,02 INTERSECTION,01 ON ROADWAY,02 FOUR-WAY INTERSECTION,01 PAVED,0,"December 31, 2000",,,,0,,0,,0,,,RCI,0,,,2 POSSIBLE INJURY,33 Q/C VERIFIED AS OFF-SYSTEM,0 NO,02 AT INTERSECTION,04 DARK-LIGHTED,01 CLEAR,01 DRY,01 LEVEL,1 STRAIGHT,"TWO-WAY, DIVIDED, POSITIVE MED","TWO-WAY, DIVIDED, POSITIVE MED",NO CONTROLS,NO CONTROLS,,NONE,NOT CODED,NOT CODED,NONE,NOT CODED,NOT CODED,14 MOTOR VEHICLE IN TRANSPORT,03 ANGLE,01 STRAIGHT AHEAD,FAILED TO YIELD RIGHT-OF-WAY,NO CONTRIBUTING ACTION,00 NOT CODED,00 NOT CODED,00 NOT CODED,00 NOT CODED,01 NO,2,0,0,0,2,0,2,3,N,N,N,Y,N,N,N,N,N,N,N,N,N,N,N,N,N,N,N,N,N,N,N,N,N,N,26.716136044,-80.092166464,590298.199773,2955316.958658,L,U,ARBM15Q1R2,"February 28, 2022",2058420,-8915819.485225562,3088051.856705026
2017873877340,2017,873877340,20170015169,COUNTY SHERIFF'S OFFICE,04 FOURTH,PALM BEACH,"August 8, 2017",0058,WEDNESDAY,9394 WEST PALM BEACH,0694,Y,NARCISSUS AVE,S CLEMATIS ST,0,E,0,0,26.713294,-80.050699,93A11469,0.139,,,,I INTERSECTION,M MIDDLE,W WEST,,05 LOCAL,01 NON-JUNCTION,01 ON ROADWAY,04 Y-INTERSECTION,03 CURB,0,"December 31, 2000",,,,0,,0,,0,,,RCI,0,,,1 NO INJURY,33 Q/C VERIFIED AS OFF-SYSTEM,0 NO,01 NOT AT INTERSECTION/RRX/BRIDGE,04 DARK-LIGHTED,01 CLEAR,01 DRY,01 LEVEL,1 STRAIGHT,ONE-WAY TRAFFICWAY,ONE-WAY TRAFFICWAY,NO CONTROLS,NO CONTROLS,,NONE,NOT CODED,NOT CODED,NONE,NOT CODED,NOT CODED,14 MOTOR VEHICLE IN TRANSPORT,03 ANGLE,03 TURNING LEFT,IMPROPER BACKING,NO CONTRIBUTING ACTION,00 NOT CODED,00 NOT CODED,00 NOT CODED,00 NOT CODED,01 NO,0,0,0,0,2,0,2,2,N,N,N,N,N,N,N,N,N,N,N,N,N,N,N,N,N,N,N,N,N,N,N,N,N,N,26.713293974,-80.050697358,594425.515462,2955032.217181,O,U,ARBM15Q1R2,"February 28, 2022",2058421,-8911203.164031813,3087697.6717234063
2017873874470,2017,873874470,20170016543,COUNTY SHERIFF'S OFFICE,04 FOURTH,PALM BEACH,"August 27, 2017",1746,MONDAY,9394 WEST PALM BEACH,0694,Y,OKEECHOBEE BLVD,I 95,0.009,E,0,0,26.7059898,-80.0756669,93280000,7.729,01750,SR 704,,L LEFT,4 THRU LANE 4,W WEST,30 URBAN 6+LN 2WY DIVD RASD,03 STATE,01 NON-JUNCTION,01 ON ROADWAY,01 NOT AT INTERSECTION,03 CURB,32,"May 2, 2017",14 URBAN PRIN ART OTHER,34,PAVED WARN,16,CURB&GUTTER,2,,0,21,72000,RCI,4.2,,45,1 NO INJURY,31 Q/C COMPLETED - LOC VERIFIED,0 NO,01 NOT AT INTERSECTION/RRX/BRIDGE,01 DAYLIGHT,01 CLEAR,01 DRY,01 LEVEL,1 STRAIGHT,"TWO-WAY, DIVIDED, POSITIVE MED","TWO-WAY, DIVIDED, POSITIVE MED",NO CONTROLS,NO CONTROLS,7,NONE,NOT CODED,NOT CODED,NONE,NOT CODED,NOT CODED,14 MOTOR VEHICLE IN TRANSPORT,01 FRONT TO REAR,14 SLOWING,OPERATED MV IN CARLESS OR NEGL,NO CONTRIBUTING ACTION,00 NOT CODED,00 NOT CODED,00 NOT CODED,00 NOT CODED,01 NO,0,0,0,0,2,0,2,2,N,N,N,N,N,N,N,N,N,N,N,N,N,N,N,N,N,N,N,N,N,N,N,N,N,N,26.706119223,-80.075428588,591971.176752,2954219.432418,L,,ARBM15Q1R2,"February 28, 2022",2058424,-8913956.2327823,3086803.5777782793
2017873877160,2017,873877160,20170017499,COUNTY SHERIFF'S OFFICE,04 FOURTH,PALM BEACH,"September 13, 2017",0851,THURSDAY,9394 WEST PALM BEACH,0694,Y,BUNKER RD,LAKE AVE,0,E,0,0,26.664848,-80.061577,93000215,0.133,,,,I INTERSECTION,M MIDDLE,E EAST,,05 LOCAL,02 INTERSECTION,01 ON ROADWAY,02 FOUR-WAY INTERSECTION,03 CURB,0,"December 31, 2000",,,,0,,0,,0,,,RCI,0,,,2 POSSIBLE INJURY,33 Q/C VERIFIED AS OFF-SYSTEM,0 NO,02 AT INTERSECTION,01 DAYLIGHT,01 CLEAR,01 DRY,01 LEVEL,1 STRAIGHT,"TWO-WAY, NOT DIVIDED","TWO-WAY, NOT DIVIDED",TRAFFIC CONTROL SIGNAL,TRAFFIC CONTROL SIGNAL,,NONE,NOT CODED,NOT CODED,NONE,NOT CODED,NOT CODED,14 MOTOR VEHICLE IN TRANSPORT,77 OTHER (SEE NARRATIVE),01 STRAIGHT AHEAD,FAILED TO YIELD RIGHT-OF-WAY,NO CONTRIBUTING ACTION,00 NOT CODED,00 NOT CODED,00 NOT CODED,00 NOT CODED,01 NO,1,0,0,0,3,0,3,4,N,N,N,Y,N,N,N,N,N,N,N,N,N,N,N,N,N,N,N,N,N,Y,Y,N,N,N,26.664845078,-80.061577115,593382.746875,2949657.844791,C,U,ARBM15Q1R2,"February 28, 2022",2058425,-8912414.293256728,3081661.2226712387
2017873868760,2017,873868760,20170014340,COUNTY SHERIFF'S OFFICE,04 FOURTH,PALM BEACH,"July 25, 2017",2307,WEDNESDAY,9394 WEST PALM BEACH,0694,Y,GARDEN AVE,MADDOCK ST,0.024,N,0,0,26.654019,-80.060468,93A12675,0.024,,,,L LEFT,P PARKING,S SOUTH,,05 LOCAL,01 NON-JUNCTION,01 ON ROADWAY,01 NOT AT INTERSECTION,03 CURB,0,"December 31, 2000",,,,0,,0,,0,,,RCI,0,,,1 NO INJURY,33 Q/C VERIFIED AS OFF-SYSTEM,0 NO,01 NOT AT INTERSECTION/RRX/BRIDGE,04 DARK-LIGHTED,01 CLEAR,01 DRY,01 LEVEL,1 STRAIGHT,"TWO-WAY, NOT DIVIDED","TWO-WAY, NOT DIVIDED",NO CONTROLS,NO CONTROLS,,NONE,NOT CODED,NOT CODED,NONE,NOT CODED,NOT CODED,15 PARKED MOTOR VEHICLE,"04 SIDESWIPE, SAME DIRECTION",01 STRAIGHT AHEAD,OPERATED MV IN CARLESS OR NEGL,NOT CODED,00 NOT CODED,00 NOT CODED,00 NOT CODED,00 NOT CODED,01 NO,0,0,0,0,1,0,2,1,N,N,N,N,Y,N,N,N,N,N,Y,N,N,N,N,N,N,N,N,N,N,N,N,N,N,N,26.654019,-80.060468039,593501.940636,2948459.5296,C,U,ARBM15Q1R2,"February 28, 2022",2058426,-8912290.83157364,3080312.707197058
2017875785400,2017,875785400,20170021101,COUNTY SHERIFF'S OFFICE,04 FOURTH,PALM BEACH,"November 11, 2017",0203,SUNDAY,9394 WEST PALM BEACH,0694,Y,OKEECHOBEE BLVD,INDIAN RD,0.019,E,0,0,26.706754,-80.1037974,93280000,5.991,01737,SR 704,,L LEFT,2 THRU LANE 2,W WEST,30 URBAN 6+LN 2WY DIVD RASD,03 STATE,01 NON-JUNCTION,01 ON ROADWAY,01 NOT AT INTERSECTION,03 CURB,34,"May 2, 2017",14 URBAN PRIN ART OTHER,43,PAVED,3,CURB&GUTTER,2,,0,19,72500,RCI,2.3,,45,1 NO INJURY,31 Q/C COMPLETED - LOC VERIFIED,0 NO,03 INFLUENCED BY INTERSECTION,04 DARK-LIGHTED,01 CLEAR,01 DRY,01 LEVEL,1 STRAIGHT,"TWO-WAY, DIVIDED, POSITIVE MED","TWO-WAY, DIVIDED, POSITIVE MED",NO CONTROLS,NO CONTROLS,8,NONE,NOT CODED,NOT CODED,NONE,NOT CODED,NOT CODED,14 MOTOR VEHICLE IN TRANSPORT,01 FRONT TO REAR,01 STRAIGHT AHEAD,NOT CODED,NO CONTRIBUTING ACTION,00 NOT CODED,00 NOT CODED,00 NOT CODED,00 NOT CODED,01 NO,0,0,0,0,1,0,2,2,N,N,N,Y,N,N,N,N,N,N,N,N,N,N,N,N,N,N,N,N,N,N,N,N,N,N,26.706887604,-80.103666038,589161.53554,2954284.478283,L,,ARBM15Q1R2,"February 28, 2022",2058434,-8917099.612315074,3086899.3281828566
2017854654290,2017,854654290,FHPL17OFF025638,FLORIDA HIGHWAY PATROL,04 FOURTH,PALM BEACH,"April 3, 2017",1440,TUESDAY,9394 WEST PALM BEACH,0694,Y,I 95,BELVEDERE RD,0.5,N,26.6820793,-80.069242,26.6966987,-80.0696215,93220000,26.476,04933,SR 9,I 95,R RIGHT,3 THRU LANE 3,N NORTH,01 INTERSTATE URBAN,01 INTERSTATE,01 NON-JUNCTION,01 ON ROADWAY,01 NOT AT INTERSECTION,01 PAVED,33,"May 15, 2017",11 URBAN PRIN ART INT.,64,PAVED WARN,13,,0,,0,32,232000,RCI,6,,65,3 NO-INCAPACITATING INJURY,31 Q/C COMPLETED - LOC VERIFIED,0 NO,01 NOT AT INTERSECTION/RRX/BRIDGE,01 DAYLIGHT,01 CLEAR,01 DRY,01 LEVEL,1 STRAIGHT,"TWO-WAY, DIVIDED, POSITIVE MED","TWO-WAY, DIVIDED, POSITIVE MED",NO CONTROLS,NO CONTROLS,10,NONE,NOT CODED,NOT CODED,NONE,NOT CODED,NOT CODED,14 MOTOR VEHICLE IN TRANSPORT,"04 SIDESWIPE, SAME DIRECTION",06 CHANGING LANES,OPERATED MV IN CARLESS OR NEGL,NO CONTRIBUTING ACTION,00 NOT CODED,00 NOT CODED,00 NOT CODED,00 NOT CODED,01 NO,3,0,0,0,3,0,3,6,N,N,N,N,Y,N,N,N,N,N,N,N,N,N,N,N,N,N,N,N,N,N,N,N,N,N,26.696875609,-80.069659366,592552.567639,2953199.754738,R,,ARBM15Q1R2,"February 28, 2022",2058443,-8913314.00584834,3085651.7518706787
2017853178450,2017,853178450,FHPK17OFF002207,FLORIDA HIGHWAY PATROL,08 TURNPIKE,PALM BEACH,"January 10, 2017",0750,WEDNESDAY,9394 WEST PALM BEACH,0694,N,SR 91,SR 80,1.1,S,26.6488641,-80.1738601,26.6637974,-80.1741178,93470000,23.135,01445,SR 91,,L LEFT,1 THRU LANE 1,S SOUTH,03 TOLL ROAD URBAN,06 TURNPIKE/TOLL,01 NON-JUNCTION,01 ON ROADWAY,01 NOT AT INTERSECTION,01 PAVED,37,"June 14, 2016",12 URBAN PRIN ART EXPR.,24,PAVED WARN,10,LAWN,12,,0,20,77000,RCI,10.6,0D4500,70,1 NO INJURY,31 Q/C COMPLETED - LOC VERIFIED,0 NO,01 NOT AT INTERSECTION/RRX/BRIDGE,01 DAYLIGHT,02 CLOUDY,01 DRY,01 LEVEL,1 STRAIGHT,"TWO-WAY, DIVIDED, POSITIVE MED","TWO-WAY, DIVIDED, POSITIVE MED",NO CONTROLS,NO CONTROLS,4,NONE,NOT CODED,NOT CODED,NONE,NOT CODED,NOT CODED,14 MOTOR VEHICLE IN TRANSPORT,01 FRONT TO REAR,01 STRAIGHT AHEAD,OPERATED MV IN CARLESS OR NEGL,NO CONTRIBUTING ACTION,00 NOT CODED,00 NOT CODED,00 NOT CODED,00 NOT CODED,01 NO,0,0,0,0,2,0,2,3,N,N,N,N,N,N,N,N,N,N,N,N,N,N,N,N,N,N,N,N,N,N,N,N,N,N,26.663460356,-80.174277148,582168.425308,2949426.980459,L,,ARBM15Q1R2,"February 28, 2022",2058453,-8924960.007351017,3081488.7317572646
2017873884700,2017,873884700,20170020218,COUNTY SHERIFF'S OFFICE,04 FOURTH,PALM BEACH,"October 27, 2017",1620,SATURDAY,9394 WEST PALM BEACH,0694,Y,QUADRILLE BLVD S,FERN ST,0,,0,0,26.7104384,-80.0549879,93020100,0.336,02389,SR 5,US 1,R RIGHT,1 THRU LANE 1,W WEST,20 URBAN 4-5LN 2WY DIVD RASD,02 U.S.,02 INTERSECTION,01 ON ROADWAY,02 FOUR-WAY INTERSECTION,03 CURB,43,"June 13, 2016",17 URBAN MAJOR COLLECTOR,22,CURB&GUTTER,2,,0,,0,16,14700,RCI,2,,30,1 NO INJURY,31 Q/C COMPLETED - LOC VERIFIED,0 NO,02 AT INTERSECTION,01 DAYLIGHT,03 RAIN,02 WET,01 LEVEL,1 STRAIGHT,"TWO-WAY, DIVIDED, POSITIVE MED","TWO-WAY, DIVIDED, POSITIVE MED",STOP SIGN,NO CONTROLS,4,NONE,NOT CODED,NOT CODED,NONE,NOT CODED,NOT CODED,14 MOTOR VEHICLE IN TRANSPORT,03 ANGLE,01 STRAIGHT AHEAD,RAN STOP SIGN,NO CONTRIBUTING ACTION,00 NOT CODED,00 NOT CODED,00 NOT CODED,00 NOT CODED,01 NO,0,0,0,0,2,0,2,4,N,N,N,Y,N,N,N,N,N,N,N,N,N,N,N,N,N,N,N,N,Y,Y,N,N,N,Y,26.710418513,-80.054986315,594001.23842,2954710.549794,R,,ARBM15Q1R2,"February 28, 2022",2058460,-8911680.608807644,3087339.334516281
2017814945430,2017,814945430,17-160339,COUNTY SHERIFF'S OFFICE,04 FOURTH,PALM BEACH,"December 5, 2017",1812,WEDNESDAY,9394 WEST PALM BEACH,0694,N,SR 80,KIRK RD,0.35,W,0,0,26.6779622,-80.1100205,93120000,17.451,03537,SR 80,US 98,L LEFT,3 THRU LANE 3,E EAST,33 SUBURBAN 6+LN 2WY DIVD RASD,03 STATE,01 NON-JUNCTION,01 ON ROADWAY,01 NOT AT INTERSECTION,03 CURB,37,"June 1, 2015",14 URBAN PRIN ART OTHER,36,PAVED,10,,0,,0,24,49500,RCI,4.1,,45,1 NO INJURY,31 Q/C COMPLETED - LOC VERIFIED,0 NO,01 NOT AT INTERSECTION/RRX/BRIDGE,04 DARK-LIGHTED,01 CLEAR,01 DRY,01 LEVEL,1 STRAIGHT,"TWO-WAY, DIVIDED, POSITIVE MED","TWO-WAY, DIVIDED, POSITIVE MED",NO CONTROLS,NO CONTROLS,6,NONE,NOT CODED,NOT CODED,NONE,NOT CODED,NOT CODED,14 MOTOR VEHICLE IN TRANSPORT,01 FRONT TO REAR,01 STRAIGHT AHEAD,FOLLOWED TOO CLOSELY,NO CONTRIBUTING ACTION,00 NOT CODED,00 NOT CODED,00 NOT CODED,00 NOT CODED,01 NO,0,0,0,0,2,0,2,2,N,N,N,N,N,N,N,N,N,N,N,N,N,N,N,N,N,N,N,N,N,N,N,N,N,N,26.678109468,-80.110128408,588540.909472,2951092.438621,L,,ARBM15Q1R2,"February 28, 2022",2058563,-8917819.000146018,3083313.632772792
2017870197880,2017,870197880,20170008307,COUNTY SHERIFF'S OFFICE,04 FOURTH,PALM BEACH,"April 29, 2017",1415,SUNDAY,9394 WEST PALM BEACH,0694,Y,SR 5,45TH ST,0.009,S,0,0,26.7529409,-80.0561457,93020000,11.42,00769,SR 5,US 1,R RIGHT,1 THRU LANE 1,S SOUTH,21 URBAN 4-5LN 2WY DIVD PAVD,02 U.S.,01 NON-JUNCTION,01 ON ROADWAY,01 NOT AT INTERSECTION,03 CURB,43,"June 13, 2016",16 URBAN MINOR ART,21,CURB&GUTTER,2,,0,,0,17,23500,RCI,5,,35,1 NO INJURY,31 Q/C COMPLETED - LOC VERIFIED,0 NO,03 INFLUENCED BY INTERSECTION,01 DAYLIGHT,01 CLEAR,01 DRY,01 LEVEL,1 STRAIGHT,"TWO-WAY, NOT DIVIDED","TWO-WAY, NOT DIVIDED",NO CONTROLS,NO CONTROLS,4,NONE,NOT CODED,NOT CODED,NONE,NOT CODED,NOT CODED,14 MOTOR VEHICLE IN TRANSPORT,02 FRONT TO FRONT,01 STRAIGHT AHEAD,OTHER CONTRIBUTING ACTION,NO CONTRIBUTING ACTION,00 NOT CODED,00 NOT CODED,00 NOT CODED,00 NOT CODED,01 NO,0,0,0,0,2,0,2,2,N,N,N,Y,N,N,N,N,N,N,N,N,N,N,N,N,N,N,N,N,N,N,N,N,N,N,26.752918512,-80.05616216,593849.385245,2959417.153124,C,,ARBM15Q1R2,"February 28, 2022",2058619,-8911811.503483279,3092636.567052077
2017870200520,2017,870200520,20170009277,COUNTY SHERIFF'S OFFICE,04 FOURTH,PALM BEACH,"May 12, 2017",0412,SATURDAY,9394 WEST PALM BEACH,0694,Y,OKEECHOBEE BLVD,I 95,0.019,W,0,0,26.7060101,-80.0761203,93280000,7.701,01755,SR 704,,L LEFT,3 THRU LANE 3,0,30 URBAN 6+LN 2WY DIVD RASD,04 COUNTY,01 NON-JUNCTION,01 ON ROADWAY,01 NOT AT INTERSECTION,01 PAVED,32,"May 2, 2017",14 URBAN PRIN ART OTHER,34,PAVED WARN,16,CURB&GUTTER,2,,0,21,65000,RCI,4.8,,45,1 NO INJURY,31 Q/C COMPLETED - LOC VERIFIED,0 NO,01 NOT AT INTERSECTION/RRX/BRIDGE,04 DARK-LIGHTED,01 CLEAR,01 DRY,00 NOT CODED,0 NOT CODED,NOT CODED,"TWO-WAY, DIVIDED, POSITIVE MED",NOT CODED,NO CONTROLS,7,NONE,NOT CODED,NOT CODED,NONE,NOT CODED,NOT CODED,14 MOTOR VEHICLE IN TRANSPORT,"04 SIDESWIPE, SAME DIRECTION",00 NOT CODED,NOT CODED,NO CONTRIBUTING ACTION,00 NOT CODED,00 NOT CODED,00 NOT CODED,00 NOT CODED,01 NO,0,0,0,0,1,0,2,1,N,N,N,N,Y,N,N,N,N,N,N,N,N,N,N,N,N,N,N,N,N,N,N,N,N,N,26.706134647,-80.075882757,591925.983804,2954220.81314,L,,ARBM15Q1R2,"February 28, 2022",2058620,-8914006.790748192,3086805.499682409
2017870206980,2017,870206980,20170011686,COUNTY SHERIFF'S OFFICE,04 FOURTH,PALM BEACH,"June 15, 2017",1102,FRIDAY,9394 WEST PALM BEACH,0694,Y,EARNEST ST,HAVERHILL RD N,0.568,W,0,0,26.740175,-80.127315,93A10872,,,,,R RIGHT,S SIDE OF ROAD,E EAST,,05 LOCAL,01 NON-JUNCTION,02 OFF ROADWAY,01 NOT AT INTERSECTION,02 UNPAVED,0,"December 31, 2000",,,,0,,0,,0,,,RCI,0,,,1 NO INJURY,33 Q/C VERIFIED AS OFF-SYSTEM,0 NO,01 NOT AT INTERSECTION/RRX/BRIDGE,01 DAYLIGHT,01 CLEAR,01 DRY,01 LEVEL,1 STRAIGHT,"TWO-WAY, NOT DIVIDED",,NO CONTROLS,NOT CODED,,WORK ZONE (CONST/MNT/UTLTY)NTE,NOT CODED,NOT CODED,NONE,NOT CODED,NOT CODED,31 OTHER TRAFFIC BARRIER,"04 SIDESWIPE, SAME DIRECTION",01 STRAIGHT AHEAD,RAN OFF ROADWAY,NOT CODED,03 TRANSITION AREA,03 WORK ON SHOULDER OR MEDIAN,01 NO,01 NO,01 NO,0,0,0,0,1,0,1,1,N,Y,N,N,Y,N,N,N,N,N,Y,N,N,N,N,N,N,N,N,N,N,N,N,N,N,N,26.740175479,-80.127314984,586783.724281,2957955.205403,C,U,ARBM15Q1R2,"February 28, 2022",2058690,-8919732.201761162,3091048.0576678794